900,000,012;BANK;1БАНК;PAO;2,896;10.06.1994;WITHDRAWN;362040, Республика Северная Осетия-Алания, г.Владикавказ, ул. Станиславского, 10;1021500000147
450,000,370;BANK;АБСОЛЮТ БАНК;PAO;2,306;22.04.1993;ACTIVE;127051, г. Москва, Цветной бульвар, д. 18;1027700024560
450,000,785;BANK;АВАНГАРД;PAO;2,879;09.06.1994;ACTIVE;119180,  г. Москва, ул. Большая Якиманка, д.1;1027700367507
920,000,004;BANK;АВЕРС;OOO;415;25.09.1990;ACTIVE;420111, г.Казань, ул.Мусы Джалиля, д.3;1021600000993
920,000,023;BANK;АВТОГРАДБАНК;AO;1,455;26.04.1991;ACTIVE;423831, Республика Татарстан, г.Набережные Челны, проспект  Хасана Туфана,43;1021600000806
920,000,009;BANK;АВТОКРЕДИТБАНК;OOO;1,973;22.07.1992;ACTIVE;420081, г.Казань, пр-т А. Камалеева, д.16а;1021600000366
450,000,618;BANK;АВТОТОРГБАНК;OOO;2,776;05.04.1994;ACTIVE;123007, г. Москва, 1-я Магистральная улица, д. 13, стр. 2;1027739408290
450,001,194;BANK;АГОРА;OOO;3,231;14.03.1995;ACTIVE;127549,  г. Москва, ул. Пришвина, д. 8, корп. 2;1027700156164
120,000,001;BANK;АГРОИНКОМБАНК;PAO;1,946;06.07.1992;WITHDRAWN;414000, город Астрахань, пл. Ленина/ул. Бурова, 10/3, помещение 73;1023000927520
460,000,012;BANK;АГРОПРОМКРЕДИТ;AO;2,880;09.06.1994;ACTIVE;119121, город Москва, улица Бурденко, дом 22.;1095000004252
630,000,015;BANK;АГРОРОС;AO;2,860;23.05.1994;ACTIVE;410017, г.Саратов, ул.Чернышевского, 90;1026400001770
530,000,007;BANK;АГРОСОЮЗ;OOO;1,459;17.05.1991;WITHDRAWN;101000, г. Москва, Уланский пер., д. 13, стр. 1;1025600001130
450,001,072;BANK;АДМИРАЛТЕЙСКИЙ;OOO;3,054;17.08.1994;WITHDRAWN;119034,  г. Москва, Лопухинский пер., д.6, стр.1;1037739763753
100,000,003;BANK;АЗИАТСКО-ТИХООКЕАНСКИЙ БАНК;AO;1,810;14.02.1992;ACTIVE;675000, Амурская обл., г. Благовещенск, ул.Амурская, 225;1022800000079
450,016,176;BANK;АЗИЯ-ИНВЕСТ БАНК;AO;3,303;30.08.1996;ACTIVE;119180, г. Москва, 2-й Казачий пер., д. 3, стр. 1;1027739278973
450,016,204;BANK;АЙВИ БАНК;AO;2,055;11.09.1992;WITHDRAWN;125195, г.Москва, Ленинградское шоссе, д. 59;1027739824881
840,000,001;BANK;АЙМАНИБАНК;OOO;1,975;27.07.1992;WITHDRAWN;125212, г.Москва, ул. Выборгская, д. 16, корп. 2;1020400000081
450,054,198;BANK;АЙСИБИСИ БАНК;AO;3,475;30.08.2007;ACTIVE;109028, г. Москва, Серебряническая наб., д. 29;1077711000157
920,000,005;BANK;АК БАРС;PAO;2,590;29.11.1993;ACTIVE;420066, г.Казань, ул.Декабристов,1;1021600000124
820,000,046;BANK;АКАДЕМИЧЕСКИЙ РУССКИЙ БАНК;OOO;622;29.10.1990;WITHDRAWN;117447, г. Москва, улица Дмитрия Ульянова, дом 35, строение 1;1027700057440
920,000,006;BANK;АКИБАНК;PAO;2,587;25.11.1993;ACTIVE;423827, Республика Татарстан, город Набережные Челны, проспект Мира, д.88а;1021600000839
340,000,005;BANK;АКСОНБАНК;OOO;680;01.11.1990;WITHDRAWN;156961, г. Кострома, пр-т Мира, 55;1024400002978
890,000,007;BANK;АКТИВ БАНК;AO;2,529;14.10.1993;WITHDRAWN;430005, Республика Мордовия, г. Саранск, ул. Б. Хмельницкого, д. 36А;1021300001029
360,000,010;BANK;АКТИВКАПИТАЛ БАНК;AO;3,006;29.07.1994;WITHDRAWN;443001, г.Самара, ул. Вилоновская, д. 84;1026300005170
530,000,024;BANK;АКЦЕНТ;PAO;696;02.11.1990;WITHDRAWN;462431, Оренбургская обл., г. Орск, просп. Ленина, 75а;1025600000865
500,000,012;BANK;АКЦЕПТ;AO;567;24.10.1990;ACTIVE;630099, г. Новосибирск, ул.Советская, 14;1025400000427
240,000,001;BANK;АКЦИЯ;OAO;927;30.10.1992;WITHDRAWN;153000, г.Иваново, ул.Ташкентская, 14;1023700000169
980,000,007;BANK;АЛДАНЗОЛОТОБАНК;AO;854;21.11.1990;WITHDRAWN;678900, Республика Саха (Якутия), г. Алдан, улица 10 лет Якутии ,31-а;1021400001040
400,000,037;BANK;АЛЕКСАНДРОВСКИЙ;PAO;53;30.06.1992;ACTIVE;191119, Санкт-Петербург, Загородный пр., 46, литер Б, корпус 2;1027800000194
460,000,022;BANK;АЛЕФ-БАНК;AO;2,119;16.10.1992;ACTIVE;121467, г. Москва, ул. Молдавская, д. 5;1027739176080
980,000,022;BANK;АЛМАЗЭРГИЭНБАНК;AO;2,602;06.12.1993;ACTIVE;677000, Республика Саха (Якутия), город. Якутск, проспект Ленина, 1;1031403918138
10,000,004;BANK;АЛТАЙКАПИТАЛБАНК;OOO;2,659;21.01.1994;ACTIVE;656043, Алтайский край, г.Барнаул, ул.Л.Толстого, 38а;1022200531484
920,000,008;BANK;АЛТЫНБАНК;OOO;2,070;10.09.1992;ACTIVE;420124, г.Казань, улица Фатыха Амирхана, д.15;1151600000100
460,000,015;BANK;АЛЬБА АЛЬЯНС;OOO;2,593;03.12.1993;ANNULLED;119019, г. Москва, Кремлевская набережная, д. 1, стр. 2;1025000004787
450,000,344;BANK;АЛЬТА-БАНК;ZAO;2,269;29.01.1993;WITHDRAWN;125047, г. Москва, ул. 2-ая Брестская, д. 30;1027739047181
450,044,555;RNKO;АЛЬТЕРНАТИВА;OOO;3,452;27.01.2005;ACTIVE;107023, г. Москва, ул. Малая Семеновская, д. 1, стр. 1;1057711000820
450,000,036;BANK;АЛЬФА-БАНК;AO;1,326;03.01.1991;ACTIVE;107078,  г. Москва, ул. Каланчевская, д. 27;1027700067328
450,001,076;BANK;АМБ БАНК;PAO;3,036;04.08.1994;WITHDRAWN;123242,  г. Москва, Новинский бульвар, д. 31;1027700034372
450,050,166;BANK;АМЕРИКЭН ЭКСПРЕСС БАНК;OOO;3,460;15.12.2005;ACTIVE;119048, г. Москва, ул. Усачева, д. 33, стр. 1;1057711014800
460,000,019;BANK;АМТ БАНК;OOO;2,820;10.05.1994;WITHDRAWN;129110, г.Москва, проспект Мира, д. 62, стр.1;1027700182366
920,000,014;BANK;АНКОР БАНК;AO;889;09.12.1992;WITHDRAWN;420101, г.Казань, ул. Братьев Касимовых, 47;1021600000597
450,001,001;BANK;АНТАЛБАНК;OOO;3,115;10.10.1994;WITHDRAWN;109044, г. Москва, ул. Симоновский вал, д. 9;1027739138558
450,000,423;BANK;АПАБАНК;AO;2,404;29.06.1993;WITHDRAWN;123100,  г. Москва, Студенецкий переулок, дом 3;1037700043732
450,039,251;RNKO;АРБ-ИНКАСС;OOO;3,353;10.11.2000;WITHDRAWN;115114, г. Москва, ул. Дербеневская, д. 1, стр. 1, офис 43;1037739751224
450,001,040;BANK;АРЕСБАНК;OOO;2,914;22.06.1994;ACTIVE;123112,  г. Москва, ул. Тестовская, д. 10;1027739554930
220,000,004;BANK;АРЗАМАС;AO;1,281;24.12.1990;ACTIVE;607220, Нижегородская область, г.Арзамас, улица Кирова, 33;1025200000011
680,000,001;BANK;АРКСБАНК;AO;1,868;22.05.1992;WITHDRAWN;105064, г. Москва, ул. Казакова, дом 27;1026800000028
450,000,904;BANK;АРСЕНАЛ;OOO;3,000;27.07.1994;WITHDRAWN;123557, г. Москва, ул. Пресненский Вал, д. 14, стр. 3;1027739258271
900,000,008;BANK;АРТ-БАНК;OOO;2,779;06.04.1994;WITHDRAWN;362008,Республика Северная Осетия-Алания, г.Владикавказ, пр. Коста,93;1021500002677
660,000,001;BANK;АСКОЛЬД;OAO;2,480;03.09.1993;WITHDRAWN;214000 г.Смоленск, ул. Докучаева, 5;1026700000018
450,000,699;BANK;АСПЕКТ;AO;608;26.10.1990;WITHDRAWN;129327,  г. Москва, ул. Ленская, д. 28;1027739326207
220,000,023;BANK;АССОЦИАЦИЯ;AO;732;12.11.1990;WITHDRAWN;603000, г.Нижний Новгород, ул.М. Горького, 61;1025200000352
800,000,013;BANK;АФ БАНК;OAO;991;28.11.1990;WITHDRAWN;450057, Республика Башкортостан, город Уфа, улица Октябрьской революции, 78;1020280000014
810,000,006;BANK;БАЙКАЛБАНК;PAO;2,632;24.12.1993;WITHDRAWN;670034, Республика Бурятия, г. Улан-Удэ, ул.Красноармейская,28;1020300003460
250,000,011;BANK;БАЙКАЛКРЕДОБАНК;AO;2,990;20.07.1994;ACTIVE;664025, Иркутская область, г. Иркутск, ул. Ленина, 18;1023800000278
630,000,004;BANK;БАЛАКОВО-БАНК;AO;444;08.10.1990;ACTIVE;413857, Саратовская область, г.Балаково, ул.Факел Социализма, 21;1026400002265
270,000,018;BANK;БАЛТИКА;PAO;967;27.11.1990;WITHDRAWN;121069, г.Москва, пер. Трубниковский, д. 13, стр. 1;1023900001993
400,000,022;BANK;БАЛТИНВЕСТБАНК;PAO;3,176;13.12.1994;ACTIVE;197101, Санкт-Петербург, ул. Дивенская, дом 1, литера А;1027800001570
30,000,024;BANK;БАНК - Т;OAO;625;30.10.1990;WITHDRAWN;123610, г. Москва, Краснопресненская наб., д. 12;1062300007901
400,000,031;BANK;БАНК САНКТ-ПЕТЕРБУРГ;PAO;436;03.10.1990;ACTIVE;195112, г. Санкт-Петербург, Малоохтинский пр., д. 64, лит. А;1027800000140
512,052,393;BANK;БАНК 131;OOO;3,538;21.03.2019;ACTIVE;420012, Республика Татарстан, г. Казань, ул. Некрасова, д. 38;1191690025746
512,003,408;BANK;БАНК БЕРЕЙТ;AO;3,505;17.01.2012;ACTIVE;187015, Ленинградская область, Тосненский район, г.п. Красный Бор, ул. Промышленная, д. 3, пом.II;1124700000160
450,000,348;BANK;БАНК БФТ;OOO;2,273;22.02.1993;WITHDRAWN;115184, г. Москва, Руновский пер., д. 6, стр. 2;1027739564786
870,000,002;BANK;БАНК ГОРОД;AO;2,644;06.01.1994;WITHDRAWN;115280, г.Москва, 1-й Автозаводский проезд, д. 4, корп. 1;1021100000030
450,000,375;BANK;БАНК ДОМ.РФ;AO;2,312;23.04.1993;ACTIVE;125009, г. Москва, ул. Воздвиженка, д. 10;1037739527077
450,000,847;BANK;БАНК ЖИЛИЩНОГО ФИНАНСИРОВАНИЯ;AO;3,138;20.10.1994;ACTIVE;121357, г. Москва, ул. Верейская, д. 29, стр. 134;1027739098639
450,001,204;BANK;БАНК ЗЕНИТ;PAO;3,255;22.06.1995;ACTIVE;117638, г. Москва, Одесская ул., д. 2;1027739056927
450,000,323;BANK;БАНК ИНТЕЗА;AO;2,216;31.12.1992;ACTIVE;101000,  г. Москва, Петроверигский пер., д. 2;1027739177377
920,000,028;BANK;БАНК КАЗАНИ;OOO;708;02.11.1990;ACTIVE;420066, г.Казань, ул.Солдатская, д.1;1021600000014
450,000,567;BANK;БАНК КОРПОРАТИВНОГО ФИНАНСИРОВАНИЯ;OOO;2,684;11.02.1994;ACTIVE;123376, г. Москва, ул. Красная Пресня, д. 24;1027739542050
450,000,465;BANK;БАНК КРЕДИТ СВИСС (МОСКВА);AO;2,494;13.09.1993;ACTIVE;125047, г. Москва, ул. 1-я Тверская-Ямская, д. 21;1027739526935
820,000,068;BANK;БАНК МБФИ;OAO;2,073;10.09.1992;WITHDRAWN;105062, г. Москва, Подсосенский  пер, д. 17;1020500000510
450,001,198;BANK;БАНК МИР ПРИВИЛЕГИЙ;OOO;3,224;01.03.1995;ACTIVE;121069,  г. Москва, ул.Поварская, д.23, стр.4;1137711000096
450,000,450;BANK;БАНК НА КРАСНЫХ ВОРОТАХ;AO;2,472;26.08.1993;WITHDRAWN;105005,  г. Москва, ул. Бауманская, д. 58/25, строение 1;1027739045025
250,000,008;BANK;БАНК ОРАНЖЕВЫЙ;OOO;1,659;10.12.1991;ACTIVE;190013, г. Санкт-Петербург, ул. Рузовская, д. 16, лит. А, помещение 13-Н;1023800000322
530,000,004;BANK;БАНК ОРЕНБУРГ;AO;3,269;22.09.1995;ACTIVE;460024, Оренбургская область, г. Оренбург, ул. Маршала Г.К.Жукова, 25;1025600002230
870,000,006;BANK;БАНК ПРЕМЬЕР КРЕДИТ;PAO;1,663;16.12.1991;WITHDRAWN;111250, г.Москва, улица Солдатская, дом 8, корпус 1;1021100000085
320,000,009;BANK;БАНК РАЗВИТИЯ БИЗНЕСА;OOO;1,910;01.06.1992;WITHDRAWN;650000, Кемеровская область, г.Кемерово, проспект Советский, д.56;1024200002859
900,000,009;BANK;БАНК РАЗВИТИЯ РЕГИОНА;OAO;3,315;25.08.1997;WITHDRAWN;362019, Республика Северная Осетия-Алания, г.Владикавказ, ул. Шмулевича, 8а;1021500000202
450,000,471;BANK;БАНК РАУНД;OOO;2,506;21.09.1993;ACTIVE;121609,  г. Москва, ш. Рублевское, д. 28;1027700140753
450,000,505;BANK;БАНК РМП;AO;2,574;12.11.1993;ACTIVE;123557, г. Москва, ул. Климашкина, д. 21, стр. 1;1027739153573
450,042,110;BANK;БАНК РСИ;OOO;3,415;28.05.2002;ACTIVE;115184, г. Москва, ул. Малая Ордынка, д. 35, стр. 1, подъезд 2;1027739312589
450,000,512;BANK;БАНК СБЕРЕЖЕНИЙ И КРЕДИТА;ZAO;2,581;23.11.1993;WITHDRAWN;115054,  г. Москва, ул. Новокузнецкая,  д. 36/2, стр. 1;1037739299685
190,000,006;BANK;БАНК СГБ;AO;2,816;29.04.1994;ACTIVE;160001 г.Вологда, ул. Благовещенская д. 3;1023500000160
450,000,627;BANK;БАНК ФИНАМ;AO;2,799;19.04.1994;ACTIVE;127006,  г. Москва, Настасьинский переулок, дом 7, строение 2;1037739001046
630,000,005;BANK;БАНК ФИНИНВЕСТ;OOO;671;31.10.1990;WITHDRAWN;199226, г. Санкт-Петербург, улица Нахимова, дом 15, лит. Е.;1026400002310
512,032,426;BANK;БАНК ЧБРР;AO;3,527;13.08.2014;ACTIVE;295001, Республика Крым, г.Симферополь, ул.Большевистская, 24;1149102030186
650,000,030;BANK;БАНК24.РУ;OAO;2,227;19.11.1992;WITHDRAWN;125047, г.Москва, ул.Тверская-Ямская 1-я, д. 26;1026600002098
400,000,007;BANK;БАНКИРСКИЙ ДОМ;AO;2,928;27.06.1994;WITHDRAWN;197046, Санкт-Петербург, ул. Малая Посадская, 16, литер А, пом.6Н;1027800011524
270,000,020;BANK;ББР БАНК;AO;2,929;27.06.1994;ACTIVE;121099, г. Москва, 1-й Николощеповский переулок, д. 6, стр. 1;1027700074775
140,000,005;BANK;БЕЛГОРОДСОЦБАНК;AO;760;31.10.1990;ACTIVE;308000, Белгородская область, г. Белгород, Белгородский проспект, 73;1023100000560
450,001,155;BANK;БЕНИФИТ-БАНК;ZAO;3,229;14.03.1995;WITHDRAWN;125047,  г. Москва, ул. 2-я Брестская, д. 32;1027739246160
970,000,006;BANK;БИЗНЕС ДЛЯ БИЗНЕСА;OOO;1,060;03.12.1990;WITHDRAWN;429060, Чувашская Республика, г.Ядрин, ул.Красноармейская, 5;1022100008325
320,000,012;BANK;БИЗНЕС-СЕРВИС-ТРАСТ;AO;2,883;10.06.1994;ACTIVE;654041, Кемеровская область-Кузбасс, г.Новокузнецк, ул.Кутузова,31;1024200002276
500,000,013;BANK;БКС БАНК;AO;101;30.12.1991;ACTIVE;129110, г. Москва, проспект Мира, д. 69, стр. 1;1055400000369
580,000,003;BANK;БЛАНК БАНК;OOO;2,368;01.06.1993;ACTIVE;119048, г. Москва, ул. Усачева, д. 35, стр. 1;1026000001796
450,000,601;BANK;БМ-БАНК;AO;2,748;15.03.1994;ACTIVE;107996, г. Москва, ул. Рождественка, д. 8, стр. 1;1027700159497
450,055,312;BANK;БМВ БАНК;OOO;3,482;17.03.2008;ACTIVE;125212, г. Москва, Ленинградское шоссе, дом 39А, строение 1;1085000001998
450,042,062;BANK;БНП ПАРИБА БАНК;AO;3,407;28.05.2002;ACTIVE;125047, г. Москва, ул. Лесная, д. 5;1027700045780
220,000,010;BANK;БОГОРОДСКИЙ;OOO;1,277;24.12.1990;WITHDRAWN;607600, Нижегородская область, г.Богородск, улица Ленина, 185;1025200000077
460,000,039;BANK;БОГОРОДСКИЙ МУНИЦИПАЛЬНЫЙ БАНК;OOO;2,992;26.07.1994;WITHDRAWN;142400, Московская область, г.Ногинск, ул.Советская, д.45;1025000006822
450,000,133;BANK;БПФ;ZAO;1,677;24.12.1991;WITHDRAWN;125195, г. Москва, Ленинградское шоссе, д. 59;1027739042572
250,000,004;BANK;БРАТСКИЙ АНКБ;AO;1,144;10.12.1990;ACTIVE;665717, Иркутская область, г. Братск, ул. Комсомольская,43;1023800000069
450,000,229;BANK;БТФ;AO;1,982;31.07.1992;WITHDRAWN;109012, г. Москва, ул. Никольская, д. 10;1177700006780
530,000,002;BANK;БУЗУЛУКБАНК;OAO;1,282;24.12.1990;WITHDRAWN;461050, Оренбургская область, г. Бузулук, ул. Спортивная, д. 17-а;1025600002064
920,000,013;BANK;БУЛГАР БАНК;AO;1,917;12.06.1992;WITHDRAWN;150040, г. Ярославль, проспект Ленина, д. 37/73;1021600003160
830,000,007;BANK;БУМ-БАНК;OOO;1,137;10.12.1990;WITHDRAWN;360000, Кабардино-Балкарская Республика, г.Нальчик, ул.Ногмова, д. 62;1020700000254
190,000,013;BANK;БУМЕРАНГ;AO;1,002;28.11.1990;WITHDRAWN;162602, Вологодская обл., г.Череповец, ул. Коммунистов д. 22;1033501065730
450,000,836;BANK;БФГ-КРЕДИТ;OOO;3,068;01.09.1994;WITHDRAWN;121165,  г. Москва, Кутузовский проспект, д.35/30;1037739226128
940,000,003;BANK;БЫСТРОБАНК;PAO;1,745;02.04.1992;ACTIVE;426008, Удмуртская Республика, г.Ижевск, ул.Пушкинская,268;1021800001508
450,000,373;BANK;БЭНК ОФ ЧАЙНА;AO;2,309;23.04.1993;ACTIVE;129110,  г. Москва, Проспект Мира, д.72;1027739857551
790,000,007;BANK;ВАЙЛДБЕРРИЗ;OOO;841;20.11.1990;ACTIVE;127051, г. Москва, Большой Каретный переулок, д.20, стр.2;1020100002340
580,000,004;BANK;ВАКОБАНК;AO;1,291;26.12.1990;ACTIVE;182110, Псковская область, г. Великие Луки, ул. К. Либкнехта, д. 15;1026000002160
250,000,006;BANK;ВАШ ЛИЧНЫЙ БАНК;AO;1,222;18.12.1990;WITHDRAWN;666784, Иркутская область, г. Усть-Кут, ул. Кирова, 85а;1063800023572
780,000,004;BANK;ВВБ;PAO;1,093;05.12.1990;WITHDRAWN;299011, г. Севастополь, ул. 4-я Бастионная, д. 3а;1027600000020
460,000,023;BANK;ВЕГА-БАНК;OOO;3,270;22.09.1995;WITHDRAWN;105118, г. Москва, проспект Буденного, д. 32 А;1027739059710
450,000,366;BANK;ВЕК;AO;2,299;16.04.1993;WITHDRAWN;123242,  г. Москва, ул.Малая Грузинская, д.10 стр.1;1027739224160
580,000,002;BANK;ВЕЛИКИЕ ЛУКИ БАНК;AO;598;26.10.1990;ACTIVE;182110, Псковская область, г. Великие Луки, ул. Комсомольская, д. 27-а;1026000001774
730,000,006;BANK;ВЕНЕЦ;AO;524;19.10.1990;ACTIVE;432071, г. Ульяновск, ул. Марата, 19;1027300000166
450,001,153;RNKO;ВЕСТЕРН ЮНИОН ДП ВОСТОК;OOO;2,726;01.03.1994;ACTIVE;125171,  г. Москва, Ленинградское шоссе, д. 16А, строение 1;1037739616122
450,040,356;BANK;ВЕСТИНТЕРБАНК;OOO;3,398;06.02.2002;WITHDRAWN;123001, г. Москва, Вспольный переулок, д. 5, стр.1;1027700051390
500,000,011;BANK;ВЗАИМОДЕЙСТВИЕ;OOO;1,704;08.01.1992;WITHDRAWN;630102, г. Новосибирск,  ул.Нижегородская, дом 6А;1025400000053
400,000,036;BANK;ВИКИНГ;AO;2;27.12.1991;ACTIVE;191002 Санкт-Петербург, Владимирский проспект, дом 17;1027800000250
400,000,003;BANK;ВИТАБАНК;PAO;356;22.11.1991;ACTIVE;195220, Санкт-Петербург, пр. Непокоренных,17, корп 4, литер В;1027800000183
450,000,218;BANK;ВИТАС;OOO;1,955;14.07.1992;WITHDRAWN;129327,  г. Москва, ул.Енисейская, д.22, корп.2;1027739287355
450,001,171;BANK;ВИТЯЗЬ;OOO;2,890;10.06.1994;WITHDRAWN;129090,  г. Москва, Ботанический переулок, д. 14, стр. 3;1027739432940
170,000,001;BANK;ВЛАДБИЗНЕСБАНК;AO;903;19.01.1993;ACTIVE;600015, г.Владимир, пр-т Ленина,35;1023300000063
170,000,003;BANK;ВЛАДИМИРСКИЙ ПРОМЫШЛЕННЫЙ БАНК;OOO;870;21.11.1990;WITHDRAWN;600020, г.Владимир, ул. Большая Нижегородская, д.9;1023300000052
450,000,919;BANK;ВНЕШПРОМБАНК;OOO;3,261;03.07.1995;WITHDRAWN;119991,  г. Москва, Комсомольский проспект, д. 42, строение 1;1027700514049
820,000,012;BANK;ВНЕШФИНБАНК;OOO;3,173;05.12.1994;ACTIVE;350059, г. Краснодар,  ул. Волжская, д. 47;1020500003919
360,000,008;BANK;ВОЛГА-КРЕДИТ;OAO;1,153;11.12.1990;WITHDRAWN;443030, г.Самара, ул.Вилоновская, 138;1026300001815
360,000,018;BANK;ВОЛГО-КАМСКИЙ БАНК;OAO;282;27.04.1990;WITHDRAWN;443096, город Самара, Ленинский район, проспект Карла Маркса, д.10;1026300001782
360,000,006;BANK;ВОЛЖСКИЙ СОЦИАЛЬНЫЙ БАНК;OOO;2,428;21.07.1993;WITHDRAWN;443041, г.Самара, ул. Садовая, 175;1026300001860
190,000,010;BANK;ВОЛОГДАБАНК;AO;992;28.11.1990;WITHDRAWN;160001, г.Вологда, ул. Мира, д. 36;1023500000040
190,000,008;BANK;ВОЛОГЖАНИН;AO;1,896;21.05.1992;ACTIVE;160000, г. Вологда, ул. Козленская, д. 10;1023500000655
200,000,003;BANK;ВОРОНЕЖ;AO;654;31.10.1990;WITHDRAWN;394006, г. Воронеж, ул. Челюскинцев, 149;1023600002084
250,000,013;BANK;ВОСТСИБТРАНСКОМБАНК;AO;2,731;04.03.1994;WITHDRAWN;664025, Иркутская область, г. Иркутск, ул. Бурлова, 2;1023800000047
450,000,822;BANK;ВПБ;AO;3,065;01.09.1994;WITHDRAWN;115477, г. Москва, ул. Кантемировская, д. 59 А;1037700098215
450,016,049;BANK;ВСЕРОССИЙСКИЙ БАНК РАЗВИТИЯ РЕГИОНОВ;AO;3,287;27.03.1996;ACTIVE;129594,  г. Москва, Сущевский вал, дом 65, корп.1;1027739186914
350,000,008;BANK;ВТБ;PAO;1,000;17.10.1990;ACTIVE;191144, г. Санкт-Петербург, Дегтярный переулок, д.11. лит. А;1027739609391
650,000,002;BANK;ВУЗ-БАНК;AO;1,557;05.09.1991;ACTIVE;620142, Свердловская область, г. Екатеринбург, ул. 8 Марта, д. 49, помещения №№ 53, 54 на первом этаже;1026600001042
410,000,003;BANK;ВЫБОРГ-БАНК;PAO;720;06.11.1990;WITHDRAWN;188800 Ленинградская область, город Выборг, улица Пионерская, дом 2;1024700000071
610,000,004;BANK;ВЯТИЧ;PAO;2,796;19.04.1994;ACTIVE;390046, г. Рязань, ул.Введенская, д.110;1026200000386
450,000,698;BANK;ГАГАРИНСКИЙ;AO;606;26.10.1990;WITHDRAWN;119361,  г. Москва, 2-ой Очаковский пер., д.7;1027739325624
360,000,011;BANK;ГАЗБАНК;AO;2,316;28.04.1993;WITHDRAWN;443100, г.Самара, ул.Молодогвардейская, д.224;1026300002244
630,000,019;BANK;ГАЗНЕФТЬБАНК;AO;3,223;28.02.1995;ACTIVE;410052, г.Саратов, пр-т 50 лет Октября, 118а;1026400001870
450,000,661;BANK;ГАЗПРОМБАНК;AO;354;23.01.1992;ACTIVE;117420,  г. Москва, ул. Наметкина, д. 16, корпус 1;1027700167110
450,001,027;BANK;ГАЗСТРОЙБАНК;AO;2,919;24.06.1994;WITHDRAWN;115432, г. Москва, ул. Трофимова, д. 2/1;1027739224941
790,000,015;BANK;ГАЗТРАНСБАНК;OOO;665;31.10.1990;ACTIVE;350015 г. Краснодар, ул.Северная, д. 321;1020100002955
290,000,003;BANK;ГАЗЭНЕРГОБАНК;AO;3,252;19.05.1995;ACTIVE;248030, г. Калуга, ул. Плеханова, 4;1024000000210
450,000,507;BANK;ГАРАНТ-ИНВЕСТ;AO;2,576;12.11.1993;ACTIVE;127051, г. Москва, 1-ый Колобовский переулок, д. 23;1037739429320
30,000,020;BANK;ГЕЛЕНДЖИК-БАНК;PAO;790;14.11.1990;WITHDRAWN;353460, Краснодарский край, г. Геленджик, ул. Островского, 31;1022300003186
450,000,462;BANK;ГЕНБАНК;AO;2,490;13.09.1993;ACTIVE;295011, Республика Крым, г. Симферополь, ул. Севастопольская, д. 13;1137711000074
870,000,008;BANK;ГЕОБАНК;OOO;2,027;27.08.1992;WITHDRAWN;115230, город Москва, Каширское шоссе, дом 3, корпус 2, строение 9, комната № 11, этаж 2.;1021100000393
280,000,004;BANK;ГЕФЕСТ;OOO;1,046;30.11.1990;ACTIVE;171506, Тверская область, г.Кимры, ул.Урицкого, д. 19;1026900001347
450,000,437;BANK;ГЛОБУС;AO;2,438;27.07.1993;ACTIVE;115184,  г. Москва, ул. Бахрушина, д. 10, стр.1;1027739050833
450,056,517;BANK;ГОЛДМАН САКС БАНК;OOO;3,490;30.10.2008;ACTIVE;125047, г. Москва, ул. Гашека, д. 6;1087711000112
400,000,024;BANK;ГОРБАНК;AO;2,982;19.07.1994;ACTIVE;191186, Санкт-Петербург, ул. Итальянская, 15;1027800000348
250,000,005;BANK;ГРИНКОМБАНК;AO;1,184;14.12.1990;WITHDRAWN;664007, Иркутская область, г. Иркутск, ул. Франк-Каменецкого, д. 8;1023800000190
450,000,583;BANK;ГРИНФИЛДБАНК;AO;2,711;24.02.1994;WITHDRAWN;107045,  г. Москва, Малый Головин переулок, д.8;1027700314113
280,000,007;BANK;ГУТА-БАНК;AO;256;20.12.1991;ACTIVE;107078, г. Москва, Орликов пер., д. 5, стр. 3;1026900005307
820,000,001;BANK;ДАГЭНЕРГОБАНК;OOO;3,286;27.02.1996;WITHDRAWN;367000, Республика Дагестан, г.Махачкала, пр.Р.Гамзатова, 39 А;1020500000553
450,000,214;BANK;ДАЛЕНА;OOO;1,948;08.07.1992;ACTIVE;111024,  г. Москва, Шоссе Энтузиастов, д. 17, стр. 1;1027700135540
450,001,085;BANK;ДАЛЕТБАНК;AO;3,049;10.08.1994;WITHDRAWN;123100, г. Москва, Шмитовский проезд, д. 10/7;1037739737749
50,000,006;BANK;ДАЛЬНЕВОСТОЧНЫЙ БАНК;AO;843;20.11.1990;ACTIVE;690990, г.Владивосток, ул. Верхнепортовая, 27-а;1022500000786
940,000,021;BANK;ДАТАБАНК;AO;646;30.10.1990;ACTIVE;426076, Удмуртская Республика, г.Ижевск, ул. Ленина, 30;1021800000090
450,036,566;BANK;ДЕНИЗБАНК МОСКВА;AO;3,330;15.06.1998;ACTIVE;123022,  г. Москва, ул. 2-я Звенигородская, д. 13, стр. 42;1027739453390
512,007,285;RNKO;ДЕНЬГИ.МЭЙЛ.РУ;OOO;3,511;02.08.2012;ACTIVE;125167, г. Москва, Ленинградский проспект, д. 39, стр. 79;1127711000042
450,000,594;BANK;ДЕРЖАВА;PAO;2,738;05.03.1994;ACTIVE;119435,  г. Москва, Большой Саввинский переулок, д. 2, стр. 9;1027739120199
450,000,541;BANK;ДЖ.П. МОРГАН БАНК ИНТЕРНЕШНЛ;OOO;2,629;26.10.1993;ACTIVE;125047,  г. Москва, ул. Бутырский Вал, дом 10;1027739606245
450,062,384;BANK;ДЖАСТ БАНК;OOO;3,503;13.07.2011;WITHDRAWN;119180, г. Москва, ул. Большая Полянка, д. 54, стр. 1;1117711000032
450,001,176;BANK;ДЖЕЙ ЭНД ТИ БАНК;AO;3,061;21.09.1994;ACTIVE;115035, г. Москва, Кадашевская набережная, дом 26;1027739121651
900,000,003;BANK;ДИГ-БАНК;OAO;2,423;12.07.1993;WITHDRAWN;362003, Республика Северная Осетия-Алания, г. Владикавказ, ул.Нальчикская, 1 А;1021500000279
450,039,972;BANK;ДИЛ-БАНК;OOO;3,384;05.11.2001;WITHDRAWN;125284, г. Москва, Ленинградский проспект, д. 31А, стр. 1;1027739007218
450,043,110;BANK;ДИНАМИЧНЫЕ СИСТЕМЫ;OOO;3,439;08.07.2003;WITHDRAWN;109544, г. Москва, улица Рогожский Вал, дом 6, корп. 2;1037711005045
450,036,255;BANK;ДОЙЧЕ БАНК;OOO;3,328;17.04.1998;ACTIVE;Российская Федерация, 125047, город Москва, улица Лесная, дом 5.;1027739369041
640,000,001;BANK;ДОЛИНСК;AO;857;21.11.1990;ACTIVE;693010, Сахалинская область, г. Южно-Сахалинск, ул. Комсомольская, 145;1026500538240
600,000,024;BANK;ДОНИНВЕСТ;OOO;1,617;06.11.1991;WITHDRAWN;344011, г. Ростов-на-Дону, пер. Халтуринский, 99;1026100011200
600,000,018;BANK;ДОНКОМБАНК;PAO;492;17.10.1990;ACTIVE;344068, г. Ростов-на-Дону, пр. Михаила Нагибина, 32а;1026100001817
600,000,016;BANK;ДОН-ТЕКСБАНК;OOO;1,818;21.02.1992;ACTIVE;346500, Ростовская область, г. Шахты, пр. Красной Армии, 140;1026100002708
600,000,006;BANK;ДОНХЛЕББАНК;PAO;2,285;30.03.1993;WITHDRAWN;344082, г. Ростов-на-Дону, ул. Шаумяна, 36А;1026103273382
460,000,011;BANK;ДОРИС БАНК;OOO;1,679;25.12.1991;WITHDRAWN;125009, Москва, Георгиевский переулок, д. 1, стр. 1;1037739315965
710,000,037;BANK;ДРУЖБА;OOO;990;28.11.1990;ACTIVE;625048, Тюменская область, г. Тюмень, ул. Максима Горького, 68, корпус 2/1;1027200000013
120,000,004;BANK;ЕАТП БАНК;AO;1,765;13.04.1992;ACTIVE;414000 г.Астрахань ул.Ногина, 3;1023000817388
450,001,054;BANK;ЕВРОАЗИАТСКИЙ ИНВЕСТИЦИОННЫЙ БАНК;OOO;2,897;10.06.1994;WITHDRAWN;119021, г. Москва, Зубовский бульвар, д. 22/39;1027739915796
450,001,295;BANK;ЕВРОАКСИС БАНК;AO;3,273;24.10.1995;WITHDRAWN;123104,  г. Москва, Спиридоньевский переулок, д. 17, стр. 1;1037739162779
240,000,005;BANK;ЕВРОАЛЬЯНС;AO;1,781;23.04.1992;ACTIVE;153000, г.Иваново, ул.Станко, д.13;1023700001467
830,000,006;BANK;ЕВРОКОММЕРЦ;PAO;1,777;20.04.1992;WITHDRAWN;127055, г. Москва, ул. Образцова, д. 4;1020700001464
450,001,028;BANK;ЕВРОКРЕДИТ;OOO;2,957;04.07.1994;WITHDRAWN;105082, г. Москва, ул. Бакунинская, д.80, стр. 1;1027739648815
450,000,915;BANK;ЕВРОМЕТ;PAO;2,902;17.06.1994;WITHDRAWN;107031,  г. Москва, ул. Неглинная, д.18/1, стр.1 А;1027739077200
450,000,469;BANK;ЕВРОПЕЙСКИЙ ИНДУСТРИАЛЬНЫЙ БАНК;ZAO;2,503;21.09.1993;WITHDRAWN;119049,  г. Москва, ул. Коровий Вал, д. 9;1027700467300
830,000,004;BANK;ЕВРОПЕЙСКИЙ СТАНДАРТ;OOO;3,200;16.01.1995;WITHDRAWN;109028, г. Москва, ул. Солянка, д. 13/3, строение 1;1140700000682
70,000,013;BANK;ЕВРОСИТИБАНК;PAO;1,869;20.05.1992;WITHDRAWN;141002, Московская область, г. Мытищи, ул. Комарова, д. 5;1022600000059
450,000,896;BANK;ЕВРОТРАСТ;ZAO;2,968;15.07.1994;WITHDRAWN;115184, г. Москва, Средний Овчинниковский переулок, д.4, строение 1;1027739154497
450,000,421;BANK;ЕВРОФИНАНС МОСНАРБАНК;AO;2,402;29.06.1993;ACTIVE;121099,  г. Москва, ул. Новый Арбат, 29;1027700565970
512,009,290;RNKO;ЕДИНАЯ КАССА;OOO;3,512;08.10.2012;ACTIVE;121596, г. Москва, ул. Горбунова, д. 2, стр. 204;1127711000053
460,000,038;RNKO;ЕДИНАЯ РАСЧЕТНАЯ ПАЛАТА;OOO;384;27.07.1992;WITHDRAWN;141304, Российская Федерация, Московская область, Сергиево-Посадский р-н, г. Сергиев Посад, пр-кт Красной Армии, д. 84/22;1025000006350
450,035,159;BANK;ЕДИНСТВЕННЫЙ;OOO;3,187;26.12.1994;WITHDRAWN;119992,  г. Москва, Лужнецкая набережная, дом 8, строение 1;1027700117279
650,000,014;BANK;ЕКАТЕРИНБУРГ;PAO;3,161;25.11.1994;ACTIVE;620014, г. Екатеринбург, ул. 8 Марта, 13;1026600000074
30,000,014;BANK;ЕКАТЕРИНИНСКИЙ;PAO;2,167;30.11.1992;WITHDRAWN;115035, г. Москва, Кадашевская набережная, д. 32/2, стр. 1;1022300000051
512,056,749;BANK;ЕКОМ БАНК;OOO;3,542;11.03.2022;ACTIVE;123112, г. Москва, Пресненская набережная, дом 10, этаж 4, комната 4.12;1227700133792
40,000,010;BANK;ЕНИСЕЙ;PAO;474;12.10.1990;WITHDRAWN;660075, г. Красноярск, ул. Республики, дом 51;1022400007508
40,000,006;BANK;ЕНИСЕЙСКИЙ ОБЪЕДИНЕННЫЙ БАНК;AO;2,645;06.01.1994;ACTIVE;660049, г. Красноярск, ул. Карла Маркса, дом 62, пом. 25, 26, 27;1022400000160
710,000,020;BANK;ЕРМАК;AO;1,809;17.02.1992;ACTIVE;628624, Тюменская обл., Ханты-Мансийский автономный округ - Югра, г. Нижневартовск, ул. Мира, 68;1028600003497
610,000,003;BANK;ЖИВАГО БАНК;OOO;2,065;08.09.1992;ACTIVE;390000, г. Рязань,  ул. Почтовая, д. 64;1026200004060
450,000,149;BANK;ЖИЛКРЕДИТ;OOO;1,736;27.03.1992;WITHDRAWN;127006, г. Москва, ул. Краснопролетарская, д. 7;1027739186738
450,000,122;BANK;ЗАМОСКВОРЕЦКИЙ;OAO;1,640;02.12.1991;WITHDRAWN;119180,  г. Москва, ул. Большая Полянка, д.42/2, стр.4;1027739661498
450,000,522;BANK;ЗАПАДНЫЙ;OAO;2,598;03.12.1993;WITHDRAWN;117292,  г. Москва, ул. Профсоюзная, дом 8, корпус 1;1117711000010
920,000,012;BANK;ЗАРЕЧЬЕ;AO;817;16.11.1990;ACTIVE;420032, г.Казань, ул.Лукницкого, д.2;1021600000586
910,000,002;BANK;ЗАУБЕР БАНК;AO;1,614;22.01.1992;WITHDRAWN;197198, Россия, Санкт-Петербург, Большой Проспект П.С., д.25/2, лит.А, пом.9Н;1020900001781
600,000,010;BANK;ЗЕМЕЛЬНЫЙ;OOO;574;24.10.1990;ACTIVE;344010, г. Ростов-на-Дону, ул. Малюгиной, 233б;1026100001982
360,000,002;BANK;ЗЕМСКИЙ БАНК;OOO;2,900;16.06.1994;ACTIVE;446001, Самарская обл., г.Сызрань, ул.Ульяновская, 79;1156300000141
10,000,006;BANK;ЗЕРНОБАНК;AO;2,337;13.05.1993;WITHDRAWN;656056, Алтайский край, г.Барнаул, ул.Анатолия, 6;1022200525786
450,000,128;BANK;ЗИРААТ БАНК (МОСКВА);AO;2,559;01.11.1993;ACTIVE;109147,  г. Москва, ул.Марксистская, д.16;1037739412700
750,000,003;BANK;ЗЛАТКОМБАНК;AO;568;24.10.1990;WITHDRAWN;119071, г. Москва, пр. Донской 2-й, д. 10, стр. 2;1027400000154
240,000,002;BANK;ИВАНОВО;AO;1,763;13.04.1992;WITHDRAWN;153002, г.Иваново, просп. Ленина, д. 31-А;1043700028679
30,000,054;BANK;ИДЕЯ БАНК;PAO;430;01.10.1990;WITHDRAWN;350080, г. Краснодар, ул. Уральская, 97;1022300000447
920,000,017;BANK;ИК БАНК;AO;1,732;27.03.1992;ACTIVE;420043, г.Казань, ул.Вишневского,24;1021600000751
512,022,339;BANK;ИКАНО БАНК;OOO;3,519;02.04.2013;ACTIVE;141400, Московская область, г. Химки, ул. Ленинградская, владение 39, стр. 6;1135000001652
820,000,083;BANK;ИМБАНК;OAO;2,098;30.09.1992;WITHDRAWN;367037, Республика Дагестан, г.Махачкала, ул. Ирчи-Казака, 35А;1020500001873
530,000,010;BANK;ИНБАНК;OOO;1,829;27.02.1992;ACTIVE;115184, г. Москва, переулок Старый Толмачёвский, д. 5;1025600001668
270,000,021;BANK;ИНВЕСТБАНК;OAO;107;17.01.1991;WITHDRAWN;109240, г.Москва, ул. Гончарная, д. 12, стр. 1;1023900001070
820,000,099;BANK;ИНВЕСТИЦИОННЫЙ СОЮЗ;OOO;637;30.10.1990;WITHDRAWN;115230, г. Москва, Хлебозаводский проезд, д. 7, стр. 9;1027739108979
450,001,090;BANK;ИНВЕСТРАСТБАНК;AO;3,128;19.10.1994;WITHDRAWN;107113,  г. Москва, ул. Шумкина, д. 20, стр. 1;1087711000035
450,000,607;BANK;ИНВЕСТТОРГБАНК;AO;2,763;28.03.1994;ACTIVE;115054, г. Москва, ул. Дубининская, д. 45;1027739543182
450,000,466;BANK;ИНГ БАНК (ЕВРАЗИЯ);AO;2,495;13.09.1993;ACTIVE;127473,  г. Москва, ул. Краснопролетарская, д. 36;1027739329375
450,000,572;BANK;ИНКАРОБАНК;AO;2,696;15.02.1994;WITHDRAWN;125047,  г. Москва, ул. 2-ая Брестская, д. 32;1027700050510
450,044,820;RNKO;ИНКАХРАН;AO;3,454;31.03.2005;ACTIVE;115201, г. Москва, ул. Котляковская, д. 8;1057711003569
450,000,598;BANK;ИНСТРОЙБАНК;OOO;2,743;05.03.1994;WITHDRAWN;119330,  г. Москва, ул. Дружбы, д. 10а;1027739860554
450,039,654;BANK;ИНТЕРАКТИВНЫЙ БАНК;OOO;3,378;31.07.2001;WITHDRAWN;119146, г. Москва, Комсомольский проспект. д.32;1027700406733
450,000,579;BANK;ИНТЕРКАПИТАЛ-БАНК;OOO;2,706;21.02.1994;WITHDRAWN;430005, Республика Мордовия, город Саранск, ул. Ботевградская, д. 18, помещение 1;1027739299719
450,000,126;BANK;ИНТЕРКОММЕРЦ;OOO;1,657;10.12.1991;WITHDRAWN;119435,  г. Москва, Большой Саввинский пер., д. 2-4-6, стр. 10;1037700024581
450,000,801;BANK;ИНТЕРКРЕДИТ;AO;3,047;10.08.1994;WITHDRAWN;115583,  г. Москва, ул.Генерала Белова, д.26;1027739203953
450,000,696;BANK;ИНТЕРПРОГРЕССБАНК;AO;600;26.10.1990;ACTIVE;115201,  г. Москва, Старокаширское шоссе, дом 2, корпус 1, строение 1;1027739065375
450,001,207;BANK;ИНТЕРПРОМБАНК;AO;3,266;11.08.1995;WITHDRAWN;119019,  г. Москва, Гоголевский б-р, дом 9, стр. 1;1027739033013
920,000,021;BANK;ИНТЕХБАНК;PAO;2,705;21.02.1994;WITHDRAWN;420021, г.Казань, ул.Шигабутдина Марджани, д.24;1081600001097
450,001,135;BANK;ИНТРАСТБАНК;OAO;3,144;20.10.1994;WITHDRAWN;115054,  г. Москва, 5-й Монетчиковский переулок, д. 3, стр. 1;1027739249670
512,022,817;PNKO;ИНЭКО;OOO;3,520;29.05.2013;ACTIVE;153000, г. Иваново, Шереметевский проспект, дом 47;1133700000565
360,000,007;BANK;ИПОТЕК БАНК;ZAO;2,794;19.04.1994;WITHDRAWN;107023, г. Москва, ул. Электрозаводская, дом 20, строение 11;1026300004499
450,000,588;BANK;ИРС;AO;272;01.12.1992;WITHDRAWN;127422,  г. Москва, ул.Тимирязевская, д.26;1027739137535
450,000,703;BANK;ИС БАНК;AO;3,175;05.12.1994;ACTIVE;107031, г. Москва, Дмитровский пер., д. 7;1027739339715
450,042,778;BANK;ИСТКОМ-ФИНАНС;OOO;3,435;23.04.2003;WITHDRAWN;105005, г. Москва, ул. Бауманская, д. 21;1037711002471
520,000,015;BANK;ИТ БАНК;AO;2,609;13.12.1993;ACTIVE;644024, город Омск, улица Думская, дом 7;1025500001163
640,000,002;BANK;ИТУРУП;OOO;2,390;18.06.1993;ACTIVE;693000, Сахалинская область, г. Южно-Сахалинск, Коммунистический проспект, 32;1026500002286
450,000,940;BANK;ИШБАНК;AO;2,867;01.06.1994;ACTIVE;117420, г. Москва, ул. Наметкина, д. 13 Д;1027739066354
880,000,001;BANK;ЙОШКАР-ОЛА;PAO;2,802;22.04.1994;ACTIVE;424006, Республика Марий Эл, г.Йошкар-Ола, ул. Панфилова, д.39 г;1021200004748
290,000,006;BANK;КАЛУГА;OOO;1,151;11.12.1990;ACTIVE;248001, г. Калуга, ул. Суворова, д.147;1024000001739
920,000,003;BANK;КАМСКИЙ ГОРИЗОНТ;OOO;2,554;29.10.1993;WITHDRAWN;423834, Республика Татарстан, г.Набережные Челны, Московский проспект, д.120;1021600000047
920,000,002;BANK;КАМСКИЙ КОММЕРЧЕСКИЙ БАНК;OOO;438;24.03.1992;ACTIVE;423800, Республика Татарстан, город Набережные Челны, улица Гидростроителей, дом 21;1021600000840
40,000,004;BANK;КАНСКИЙ;OOO;860;21.11.1990;WITHDRAWN;662520, Красноярский край, Березовский р-н, п. Березовка, 5 км а/д Красноярск-Железногорск;1022400010005
710,000,035;BANK;КАПИТАЛ;AO;575;24.10.1990;ACTIVE;119334, г. Москва, 5-й Донской проезд, д. 21Б, стр. 10;1028600002199
600,000,015;BANK;КАПИТАЛБАНК;PAO;2,547;25.10.1993;WITHDRAWN;344011, г. Ростов-на-Дону, пер. Доломановский, 70 д;1026103270214
320,000,001;BANK;КЕМСОЦИНБАНК;AO;96;04.09.1991;WITHDRAWN;650000, Кемеровская область, г.Кемерово, Центральный район, ул.Дзержинского, дом № 12;1024200001891
370,000,001;BANK;КЕТОВСКИЙ КОММЕРЧЕСКИЙ БАНК;OOO;842;20.11.1990;ACTIVE;640002, г. Курган, ул. К. Мяготина, д. 124а;1024500000392
140,000,001;BANK;КИВИ БАНК;AO;2,241;21.01.1993;ACTIVE;117648, г. Москва, мкр. Чертаново Северное, д. 1А, корп. 1;1027739328440
900,000,007;BANK;КЛАССИК ЭКОНОМ БАНК;AO;3,298;24.07.1996;ACTIVE;362025, Республика Северная Осетия - Алания , г.Владикавказ, ул. Фрунзе,24;1021500000730
450,000,382;BANK;КЛИЕНТСКИЙ;AO;2,324;29.04.1993;WITHDRAWN;119526, г. Москва, проспект Вернадского, 97, корп. 3;1027739042891
450,037,016;BANK;КОММЕРЦБАНК (ЕВРАЗИЯ);AO;3,333;10.12.1998;ACTIVE;119017,  г. Москва, Кадашевская набережная, д. 14 к.2;1027739070259
450,039,644;BANK;КОММЕРЧЕСКИЙ БАНК РАЗВИТИЯ;OOO;3,364;11.04.2001;WITHDRAWN;111250, г. Москва, ул. Госпитальная, дом 10, строение 1;1027739094613
450,043,585;BANK;КОММЕРЧЕСКИЙ ИНДО БАНК;OOO;3,446;05.11.2003;ACTIVE;109147, г. Москва, Марксистская ул., д. 16;1037711012998
450,039,649;BANK;КОМПАНИЯ РОЗНИЧНОГО КРЕДИТОВАНИЯ;OAO;3,385;05.11.2001;WITHDRAWN;123242, г. Москва, Новинский бульвар, дом 31;1087711000090
120,000,006;BANK;КОНСЕРВАТИВНЫЙ КОММЕРЧЕСКИЙ БАНК;AO;1,087;05.12.1990;WITHDRAWN;414040, г. Астрахань, ул. Адмиралтейская, 47;1023001538340
410,000,008;BANK;КОНСТАНС-БАНК;AO;2,228;11.01.1993;WITHDRAWN;190000, Санкт-Петербург, ул. Большая Морская, д.55, литера А;1027800000470
820,000,002;BANK;КОНТИНЕНТАЛЬ;OOO;3,184;26.12.1994;ACTIVE;357433, Ставропольский край, г. Железноводск, пос. Иноземцево, ул. Гагарина, 209;1020500002093
340,000,002;BANK;КОНФИДЭНС БАНК;OOO;970;27.11.1990;WITHDRAWN;156000, г. Кострома, пр. Мира, д. 113;1024400003209
450,000,754;BANK;КОСМОС;AO;2,245;25.01.1993;ACTIVE;123317,  г. Москва, Красногвардейский бульвар, д.7, стр.1;1027739019373
340,000,003;BANK;КОСТРОМАСЕЛЬКОМБАНК;OOO;1,115;07.12.1990;ACTIVE;156013, г. Кострома, ул.Калиновская, 36;1024400003858
220,000,002;BANK;КОШЕЛЕВ-БАНК;AO;3,300;30.07.1996;ACTIVE;443100, г. Самара, ул. Маяковского, д. 14;1025200001661
240,000,004;BANK;КРАНБАНК;AO;2,271;28.01.1993;WITHDRAWN;153000, г.Иваново, пр.Шереметевский, д.53;1023700007407
40,001,956;RNKO;КРАСНОЯРСКИЙ КРАЕВОЙ РАСЧЕТНЫЙ ЦЕНТР;OOO;3,483;19.05.2008;WITHDRAWN;660075, г. Красноярск ул. Маерчака, д.10, нежилое помещение №69, нежилое помещение №70, нежилое помещение №71;1082400001078
400,000,035;BANK;КРЕДИ АГРИКОЛЬ КИБ;AO;1,680;24.12.1991;ACTIVE;191144, г. Санкт-Петербург, Дегтярный переулок, д. 11, лит. Б;1027800000953
450,034,607;BANK;КРЕДИТ ЕВРОПА БАНК;AO;3,311;23.05.1997;ACTIVE;129090, г. Москва, Олимпийский проспект, дом 14;1037739326063
750,000,007;BANK;КРЕДИТ УРАЛ БАНК;AO;2,584;25.11.1993;ACTIVE;455044, Челябинская область, г.Магнитогорск, ул.Гагарина, 17;1027400000638
600,000,020;BANK;КРЕДИТ ЭКСПРЕСС;OOO;3,186;26.12.1994;WITHDRAWN;344002, г. Ростов-на-Дону, ул. М. Горького, 92/63;1026100007119
850,000,001;BANK;КРЕДИТБАНК;OAO;1,035;29.11.1990;WITHDRAWN;358000, Республика Калмыкия, г. Элиста, ул. Нейман, 3а;1020800758681
450,000,246;BANK;КРЕДИТИМПЭКС БАНК;OOO;2,037;28.08.1992;WITHDRAWN;119002, г. Москва, ул. Арбат, д. 54/2, стр. 1;1027739441014
450,000,686;BANK;КРЕДИТ-МОСКВА;PAO;5;09.04.1991;WITHDRAWN;115054,  г. Москва, 6-й Монетчиковский пер., д. 8, стр. 1;1027739069478
820,000,059;BANK;КРЕДО ФИНАНС;OOO;793;14.11.1990;WITHDRAWN;367029, Республика Дагестан, г. Махачкала, ул.С.М. Абубакарова, 115;1020500000443
450,000,977;BANK;КРЕМЛЕВСКИЙ;OOO;2,905;21.06.1994;ACTIVE;121099,  г. Москва, пер. Николощеповский 1-й, д.6. стр. 1;1027739881223
450,000,565;BANK;КРОКУС-БАНК;OOO;2,682;11.02.1994;ACTIVE;143401, Московская область, Красногорский район, г. Красногорск, ул. Международная, д. 18;1027739621810
250,000,010;BANK;КРОНА-БАНК;OOO;2,499;17.09.1993;ACTIVE;664007, Иркутская область, г. Иркутск, ул.Дзержинского,29;1023800000245
450,000,528;BANK;КРОСНА-БАНК;AO;2,607;08.12.1993;ACTIVE;123557,  г. Москва, Пресненский Вал, д. 27;1027739175859
450,000,636;BANK;КРОССИНВЕСТБАНК;OAO;2,849;17.05.1994;WITHDRAWN;117105,  г. Москва, Новоданиловская наб., д. 4а;1027700546895
30,000,057;BANK;КРЫЛОВСКИЙ;AO;456;10.10.1990;WITHDRAWN;350059, г. Краснодар, Центральный округ, ул. 9-го Мая, дом № 46а;1022300002670
890,000,008;BANK;КС БАНК;AO;1,752;13.04.1992;WITHDRAWN;430005, Республика Мордовия, город Саранск, улица Демократическая, дом 30;1021300000072
30,000,052;BANK;КУБАНСКИЙ УНИВЕРСАЛЬНЫЙ БАНК;OOO;2,898;10.06.1994;WITHDRAWN;350063, г. Краснодар, ул. Пушкина, 36;1022300000062
30,000,002;BANK;КУБАНЬ КРЕДИТ;OOO;2,518;28.09.1993;ACTIVE;350000, г. Краснодар, ул. им. Орджоникидзе, дом № 46 / ул. Красноармейская, дом  № 32;1022300003703
30,000,023;BANK;КУБАНЬТОРГБАНК;AO;478;15.10.1990;ACTIVE;350075, г. Краснодар, ул. им. Стасова, дом 176;1022300000502
320,000,007;BANK;КУЗБАССХИМБАНК;PAO;2,868;03.06.1994;ACTIVE;650040, Кемеровская область, г.Кемерово, ул. Юрия Двужильного, 12;1024200001847
320,000,011;BANK;КУЗНЕЦКБИЗНЕСБАНК;AO;1,158;12.12.1990;ACTIVE;654080, Кемеровская область, г.Новокузнецк, ул.Кирова, 89 Б;1024200001814
560,000,005;BANK;КУЗНЕЦКИЙ;PAO;609;26.10.1990;ACTIVE;440000, г. Пенза, ул. Красная, 104;1125800000094
370,000,002;BANK;КУРГАН;OOO;2,568;09.11.1993;ACTIVE;640000, г.Курган, ул.Гоголя, дом № 78;1194501005401
450,000,852;BANK;КУТУЗОВСКИЙ;OOO;3,190;30.12.1994;WITHDRAWN;121165,  г. Москва, ул.Студенческая, д.44/28;1037739771640
512,031,383;BANK;КЭБ ЭЙЧЭНБИ БАНК;OOO;3,525;06.06.2014;ACTIVE;123317, г. Москва, ул. Тестовская, д.10;1147711000030
360,000,019;BANK;ЛАДА-КРЕДИТ;ZAO;2,668;28.01.1994;WITHDRAWN;117630, г.Москва, ул.Обручева, д. 23;1026300003465
450,000,814;BANK;ЛАЙТБАНК;OOO;3,177;13.12.1994;WITHDRAWN;107078,  г. Москва, ул. Новая Басманная, д. 22/2, строение 5,6,7;1027739223775
450,000,203;BANK;ЛАНТА-БАНК;AO;1,920;24.06.1992;ACTIVE;115184,  г. Москва, ул. Новокузнецкая, д. 9, стр. 2;1037739042912
500,000,009;BANK;ЛЕВОБЕРЕЖНЫЙ;PAO;1,343;17.01.1991;ACTIVE;630102, г. Новосибирск, ул. Кирова, д. 48;1025400000010
450,001,048;BANK;ЛЕГИОН;AO;3,117;10.10.1994;WITHDRAWN;107497, г. Москва, ул. Иркутская, д. 11, корпус 1;1097711000100
610,000,005;BANK;ЛЕНОБЛБАНК;OOO;1,003;28.11.1990;WITHDRAWN;188640, Ленинградская область, Всеволожский район, г.Всеволожск, шоссе Дорога Жизни, д.24/85;1026200000837
450,000,103;BANK;ЛЕСБАНК;OAO;1,598;25.10.1991;WITHDRAWN;107031, г. Москва, Дмитровский пер., д.3, стр.4;1037739001079
450,033,307;RNKO;ЛИДЕР;AO;3,304;05.09.1996;WITHDRAWN;127015, г. Москва, ул. Бутырская, д. 77;1027739445337
450,000,574;BANK;ЛИНК-БАНК;OAO;2,699;18.02.1994;WITHDRAWN;127434,  г. Москва, Дмитровское шоссе, д.7, корп.2;1027739064704
420,000,001;BANK;ЛИПЕЦКИЙ ОБЛАСТНОЙ БАНК;OAO;1,794;18.05.1992;WITHDRAWN;398050, г.Липецк, пл. Плеханова,1;1024800001863
450,000,580;BANK;ЛОКО-БАНК;AO;2,707;21.02.1994;ACTIVE;125167, г. Москва, Ленинградский просп., д. 39, строен. 80;1057711014195
450,000,081;NDKO;ЛЭНД КРЕДИТ;OOO;1,478;17.06.1991;ACTIVE;125130, г. Москва, 6-ой Новоподмосковный пер., д.4;1157700013250
450,000,055;BANK;М2М ПРАЙВЕТ БАНК;PAO;1,414;21.03.1991;WITHDRAWN;125009,  г. Москва, Леонтьевский переулок, д. 21/1, стр. 1;1027739049370
790,000,012;BANK;МАЙКОПБАНК;AO;1,136;10.12.1990;WITHDRAWN;385000, Республика Адыгея, г.Майкоп, ул.Пионерская, 276;1020100002394
450,039,455;BANK;МАКСИМА;OOO;3,379;31.07.2001;ACTIVE;105118, г. Москва, ул. Вольная, д.13;1027739553753
600,000,013;BANK;МАКСИМУМ;OAO;466;11.10.1990;WITHDRAWN;347382, Ростовская область, г. Волгодонск, ул. Черникова, 3;1026100002180
450,000,830;BANK;МАСТ-БАНК;OAO;3,267;18.08.1995;WITHDRAWN;107014, г. Москва, ул. Бабаевская, д. 6;1027739199124
450,000,303;BANK;МАСТЕР-БАНК;OAO;2,176;02.12.1992;WITHDRAWN;115184,  г. Москва, Руновский пер., д.12;1027739049304
450,001,079;BANK;МАСТЕР-КАПИТАЛ;OAO;3,011;03.08.1994;WITHDRAWN;105120,  г. Москва, ул.Нижняя Сыромятническая, д.1/4;1027739338175
450,041,396;BANK;МБА-МОСКВА;OOO;3,395;24.01.2002;ACTIVE;123022, г. Москва, ул. Рочдельская, д. 14, стр. 1;1027739877857
450,000,536;BANK;МБР-БАНК;AO;2,620;21.12.1993;WITHDRAWN;115184, г. Москва, ул. Большая Ордынка, д. 59, строение 2;1027739530785
820,000,028;BANK;МВС БАНК;OOO;2,407;05.07.1993;ACTIVE;368502, Республика Дагестан, г. Избербаш, ул. Маяковского, 139 б;1020500003941
970,000,002;BANK;МЕГАПОЛИС;OOO;3,265;09.08.1995;WITHDRAWN;428032, Чувашская Республика-Чувашия, г.Чебоксары, ул.Ярославская, дом 23;1022100000317
450,001,200;RNKO;МЕЖБАНКОВСКИЙ КРЕДИТНЫЙ СОЮЗ;OOO;3,242;22.03.1995;ACTIVE;119002, Российская Федерация, г. Москва, Плотников пер. д. 19/38, стр. 2.;1027739043342
450,000,231;BANK;МЕЖДУНАРОДНЫЙ АКЦИОНЕРНЫЙ БАНК;ZAO;1,987;04.08.1992;WITHDRAWN;125167,  г. Москва, Ленинградский проспект, д. 37, корп.12;1027739097165
450,000,578;BANK;МЕЖДУНАРОДНЫЙ БАНК РАЗВИТИЯ;AO;2,704;21.02.1994;WITHDRAWN;123610, г. Москва, Краснопресненская набережная, дом 12;1027739378600
400,000,018;BANK;МЕЖДУНАРОДНЫЙ БАНК САНКТ-ПЕТЕРБУРГА;AO;197;11.12.1991;WITHDRAWN;194044, Санкт-Петербург, Крапивный пер., 5;1027800001547
450,000,250;BANK;МЕЖДУНАРОДНЫЙ ПРОМЫШЛЕННЫЙ БАНК;ZAO;2,056;11.09.1992;WITHDRAWN;125009,  г. Москва, ул. Большая Дмитровка, д. 23, стр.1;1027739543798
450,055,572;BANK;МЕЖДУНАРОДНЫЙ СТРОИТЕЛЬНЫЙ БАНК;OOO;3,484;29.05.2008;WITHDRAWN;105005, г. Москва, улица Бауманская, дом 21;1085000003582
450,000,534;BANK;МЕЖДУНАРОДНЫЙ ФИНАНСОВЫЙ КЛУБ;AO;2,618;20.12.1993;ACTIVE;123112,  г. Москва, Пресненская набережная, дом 10;1027700056977
450,000,810;BANK;МЕЖДУНАРОДНЫЙ ФОНДОВЫЙ БАНК;OOO;3,163;01.12.1994;WITHDRAWN;115184, г. Москва, ул. Большая Татарская, д. 38/1, строение 1;1027739253794
970,000,012;BANK;МЕЖРЕГИОНБАНК;OOO;1,059;03.12.1990;WITHDRAWN;109341, г. Москва, ул. Люблинская, д. 151;1027739435668
450,000,966;BANK;МЕЖТОПЭНЕРГОБАНК;PAO;2,956;04.07.1994;WITHDRAWN;107078,  г. Москва, ул.Садовая-Черногрязская, д.6;1027739253520
450,000,464;BANK;МЕЖТРАСТБАНК;OOO;2,493;08.09.1993;WITHDRAWN;127055,  г. Москва, ул. Образцова, д. 7;1027739067696
450,054,199;BANK;МЕРСЕДЕС-БЕНЦ БАНК РУС;OOO;3,473;19.07.2007;ACTIVE;125167, г. Москва, Ленинградский проспект, д. 39 а;1077711000113
450,000,439;BANK;МЕТАЛЛИНВЕСТБАНК;PAO;2,440;02.08.1993;ACTIVE;119180, г. Москва, ул. Большая Полянка, д. 47, строение 2;1027700218666
450,000,987;RNKO;МЕТАЛЛУРГ;OOO;2,877;09.06.1994;ACTIVE;117292,  г. Москва, ул. Ивана Бабушкина, дом 16А;1027739246490
650,000,022;BANK;МЕТКОМБАНК;PAO;2,443;02.08.1993;ACTIVE;623406, Свердловская обл., г. Каменск-Уральский, ул. Октябрьская, 36;1026600000195
450,000,491;BANK;МЕТРОБАНК;AO;2,548;29.10.1993;WITHDRAWN;121151, г. Москва, ул. Можайский вал, д. 8Б;1027739033453
450,000,121;BANK;МЕТРОПОЛЬ;OOO;1,639;02.12.1991;WITHDRAWN;119049,  г. Москва, ул.Донская, д.7, стр.3;1027739572740
450,000,453;BANK;МЗБ;ZAO;2,475;26.08.1993;WITHDRAWN;119019,  г. Москва, Большой Знаменский переулок, дом 4;1037739207252
450,037,017;BANK;МИДЗУХО БАНК (МОСКВА);AO;3,337;15.01.1999;ACTIVE;115035, г. Москва, Овчинниковская набережная, дом 20, строение 1;1027700317028
450,000,858;BANK;МИКО-БАНК;OOO;3,195;30.12.1994;WITHDRAWN;115487,  г. Москва, ул. Нагатинская, д. 22, корп. 1;1037700051883
450,001,203;BANK;МИЛБАНК;OOO;3,256;27.06.1995;WITHDRAWN;127055,  г. Москва, ул. Новослободская, д. 20;1037739634206
450,042,514;BANK;МИЛЛЕНИУМ БАНК;ZAO;3,423;13.11.2002;WITHDRAWN;129090, г. Москва, Протопоповский переулок, дом 19, строение 10;1027744004617
450,041,701;BANK;МИР БИЗНЕС БАНК;AO;3,396;30.01.2002;ACTIVE;119034, Москва, р-н Хамовники, ул. Пречистенка, д. 36, строен. 1;1027739669726
520,000,018;BANK;МИРАФ-БАНК;AO;2,244;19.01.1993;WITHDRAWN;644043, город Омск, улица Фрунзе, дом 54;1025500000635
360,000,009;BANK;МИРЪ;AO;3,089;06.09.1994;WITHDRAWN;125252, г. Москва, ул. Авиаконструктора Микояна, д. 12;1026300003168
40,000,013;BANK;МКБ;AO;2,524;05.10.1993;WITHDRAWN;115280, г. Москва, Пересветов переулок, д. 2/3, подъезды №1,2;1027700053776
512,026,930;PNKO;МОБИ.ДЕНЬГИ;OOO;3,523;22.10.2013;ACTIVE;125009, г. Москва, пер. Гнездниковский Б., д. 7;1137711000107
512,024,982;RNKO;МОБИЛЬНАЯ КАРТА;OOO;3,522;30.07.2013;ACTIVE;191024, г. Санкт-Петербург, ул. 2-я Советская, д.27/2, литер А, помещение 62-Н;1137800007124
10,000,005;BANK;МОДУЛЬБАНК;AO;1,927;23.06.1992;ACTIVE;156005, г. Кострома, пл. Октябрьская, д. 1;1022200525841
512,005,896;RNKO;МОНЕТА;OOO;3,508;04.06.2012;ACTIVE;424000, г. Йошкар-Ола, ул. Гоголя, д. 2, строение А;1121200000316
450,000,225;BANK;МОНОЛИТ;OOO;1,967;24.07.1992;WITHDRAWN;105005,  г. Москва, ул. Радио, д. 7, стр. 1;1027739599535
450,000,712;BANK;МОРСКОЙ БАНК;AO;77;19.08.1992;ACTIVE;117105, г. Москва, Варшавское шоссе, дом 1А, помещение 1/5;1027700568224
450,000,639;BANK;МОСВОДОКАНАЛБАНК;OAO;2,863;25.05.1994;WITHDRAWN;105062,  г. Москва, Подсосенский переулок, д. 23, стр. 2;1027744003100
450,000,871;BANK;МОСКВА-СИТИ;AO;3,247;11.04.1995;ACTIVE;115114,  г. Москва, 2-й Кожевнический переулок, д. 7;1027739045124
450,000,573;BANK;МОСКОВСКИЙ ВЕКСЕЛЬНЫЙ БАНК;AO;2,697;16.02.1994;WITHDRAWN;127238, г. Москва, Ильменский проезд, д. 10;1027739481362
450,000,741;BANK;МОСКОВСКИЙ ИНДУСТРИАЛЬНЫЙ БАНК;AO;912;22.11.1990;ACTIVE;115419,  г. Москва, ул.Орджоникидзе, д.5;1027739179160
450,000,842;BANK;МОСКОВСКИЙ КОММЕРЧЕСКИЙ БАНК;AO;3,172;05.12.1994;ACTIVE;119146,  г. Москва, 1-я Фрунзенская ул. д.5;1027739223687
450,000,226;BANK;МОСКОВСКИЙ КРЕДИТНЫЙ БАНК;PAO;1,978;05.08.1992;ACTIVE;107045,  г. Москва, Луков переулок, д. 2, стр. 1;1027739555282
820,000,042;BANK;МОСКОВСКИЙ ОБЛАСТНОЙ БАНК;AO;1,751;09.04.1992;ACTIVE;107023, г. Москва, ул. Большая Семеновская,  д. 32, стр. 1;1107711000022
450,039,645;BANK;МОСКОММЕРЦБАНК;AO;3,365;11.04.2001;ACTIVE;119017, г. Москва, ул. Малая Ордынка, д. 20, стр. 1;1107711000066
450,000,787;BANK;МОССТРОЙЭКОНОМБАНК;ZAO;948;23.11.1990;WITHDRAWN;117393,  г. Москва, ул. Профсоюзная, д. 78, стр. 1;1027739109914
450,000,338;BANK;МОСТРАНСБАНК;OAO;2,258;29.01.1993;WITHDRAWN;111033, г. Москва, ул. Волочаевская, д. 9, стр. 9;1027739075407
460,000,035;BANK;МОСУРАЛБАНК;AO;2,468;24.08.1993;WITHDRAWN;115035, г. Москва, Раушская наб., д. 22, стр. 2;1027700429855
450,000,621;BANK;МС БАНК РУС;AO;2,789;13.04.1994;ACTIVE;117485, г. Москва, ул. Обручева, дом 30/1, строение 2;1027739094250
470,000,003;BANK;МСКБ;AO;2,722;25.02.1994;ACTIVE;Российская Федерация, 183038, город Мурманск, улица Челюскинцев, дом 17/24;1025100003917
450,038,230;BANK;МСП БАНК;AO;3,340;07.07.1999;ACTIVE;115035,  г. Москва, ул. Садовническая, д. 79;1027739108649
30,000,053;BANK;МТИ БАНК;AO;1,052;03.12.1990;ACTIVE;119049, г. Москва, ул. Мытная, д. 1, стр. 1, этаж 2, помещение I;1077711000080
450,000,343;BANK;МТС-БАНК;PAO;2,268;29.01.1993;ACTIVE;115432,  г. Москва, проспект Андропова, д. 18, корп.1;1027739053704
300,000,006;BANK;МУНИЦИПАЛЬНЫЙ КАМЧАТПРОФИТБАНК;AO;2,103;04.09.1992;ACTIVE;683032, Камчатский край, г.Петропавловск-Камчатский, ул. Артиллерийская, д. 5, корп. 1;1024100000165
470,000,206;RNKO;МУРМАНСКИЙ РАСЧЕТНЫЙ ЦЕНТР;OOO;3,341;08.07.1999;ACTIVE;183071, г. Мурманск, ул. Старостина, 21;1035100260579
450,000,449;BANK;НАВИГАТОР;OAO;2,469;24.08.1993;WITHDRAWN;119421, г. Москва, ул. Новаторов, д. 7А, корп. 2;1027739109276
830,000,001;BANK;НАЛЬЧИК;OOO;695;02.11.1990;ACTIVE;360022, Кабардино-Балкарская республика, г.Нальчик, ул. Толстого,77;1020700000496
930,000,004;BANK;НАРОДНЫЙ БАНК ТУВЫ;AO;1,309;28.12.1990;WITHDRAWN;667000, Республика Тыва, г.Кызыл, ул.Тувинских добровольцев, 18;1021700000046
450,000,410;BANK;НАРОДНЫЙ ДОВЕРИТЕЛЬНЫЙ БАНК;AO;2,374;09.06.1993;ACTIVE;115054, г. Москва, ул. Дубининская, д. 57, стр. 1;1027739461694
800,000,011;BANK;НАРОДНЫЙ КРЕДИТ;OAO;2,401;28.06.1993;WITHDRAWN;127006, г. Москва, ул. Долгоруковская, д. 9;1097711000034
450,041,380;BANK;НАТИКСИС БАНК;AO;3,390;17.01.2002;ACTIVE;127051, г. Москва, Цветной бульвар, дом 2;1037739058180
450,000,624;BANK;НАЦИОНАЛЬНЫЙ БАНК РАЗВИТИЯ БИЗНЕСА;OAO;2,795;19.04.1994;WITHDRAWN;115054,  г. Москва, ул. Пятницкая, д. 67, стр. 1;1097711000089
240,000,003;BANK;НАЦИОНАЛЬНЫЙ БАНК СБЕРЕЖЕНИЙ;AO;1,949;07.07.1992;ACTIVE;153000, г. Иваново, улица Палехская, дом 2;1083700000471
450,001,062;BANK;НАЦИОНАЛЬНЫЙ ИНВЕСТИЦИОННО-ПРОМЫШЛЕННЫЙ;AO;3,077;06.09.1994;ACTIVE;119121,  г. Москва, 2-й Неопалимовский переулок, д. 10;1027739043750
450,050,922;NKO_CK;НАЦИОНАЛЬНЫЙ КЛИРИНГОВЫЙ ЦЕНТР;AO;3,466;30.05.2006;ACTIVE;125009, г. Москва, Большой Кисловский пер., д. 13;1067711004481
450,000,299;BANK;НАЦИОНАЛЬНЫЙ РЕЗЕРВНЫЙ БАНК;AO;2,170;26.11.1992;ACTIVE;117292, г. Москва, просп. 60-летия Октября, 10 А;1027700458224
450,041,932;BANK;НАЦИОНАЛЬНЫЙ СТАНДАРТ;AO;3,421;02.10.2002;ACTIVE;115093, г. Москва, Партийный пер., д. 1, корп.57, стр.2, 3;1157700006650
450,042,073;BANK;НАЦКОРПБАНК;AO;3,422;14.10.2002;WITHDRAWN;123056, г. Москва, Малый Тишинский переулок, дом 23, стр. 1;1027744002989
220,000,008;BANK;НБД-БАНК;PAO;1,966;27.07.1992;ACTIVE;603950, г.Нижний Новгород, площадь Горького, 6;1025200000022
820,000,023;BANK;НЕВАСТРОЙИНВЕСТ;OOO;1,926;17.06.1992;WITHDRAWN;192102, г. Санкт-Петербург, ул. Фучика, д.4, литер К, пом.3,4  18Н;1020500001170
760,000,002;BANK;НЕВСКИЙ НАРОДНЫЙ БАНК;PAO;1,068;05.12.1990;WITHDRAWN;195271, г. Санкт-Петербург, Кондратьевский проспект, д. 64, корп. 2, лит. А, пом. 9 Н;1097800006589
650,000,019;BANK;НЕЙВА;OOO;1,293;26.12.1990;WITHDRAWN;620142, Свердловская область, г. Екатеринбург, ул. Чапаева, д. 3а;1026600006510
450,000,291;BANK;НЕФТЕПРОМБАНК;AO;2,156;12.11.1992;WITHDRAWN;127018,  г. Москва, ул. Образцова, д.31, стр. 3;1027739345281
450,000,978;BANK;НЕФТЯНОЙ АЛЬЯНС;PAO;2,859;23.05.1994;WITHDRAWN;121170,  г. Москва, ул. Кульнева, д. 3, стр. 1;1027739175056
460,000,004;BANK;НЗБАНК;OAO;2,944;29.06.1994;WITHDRAWN;141700, Московская обл., г. Долгопрудный, ул. Первомайская, д. 21;1025000003830
730,000,007;BANK;НИБ;AO;2,876;09.06.1994;ACTIVE;443010, г. Самара, Самарский район, ул. Фрунзе/ул. Некрасовская, д. 102/д.36;1027300000012
630,000,010;BANK;НИЖНЕВОЛЖСКИЙ КОММЕРЧЕСКИЙ БАНК;AO;931;20.05.1992;WITHDRAWN;410012, г. Саратов, ул.Рахова В.Г., д. 129;1026400001858
530,000,005;BANK;НИКО-БАНК;PAO;702;02.11.1990;ACTIVE;460000, Оренбургская область, г. Оренбург, ул. Правды, дом 14;1025600001679
450,000,605;BANK;НК БАНК;AO;2,755;18.03.1994;ACTIVE;125047,  г. Москва, Миусская площадь, д. 2;1027739028536
850,000,011;BANK;НКБ;OOO;2,942;29.06.1994;WITHDRAWN;105064, г. Москва,улица Земляной Вал, д. 34А, строение 1;1020800758274
790,000,004;BANK;НОВАЦИЯ;PAO;840;21.02.1992;WITHDRAWN;385011,Республика Адыгея, г.Майкоп, ул.Димитрова, д.4, корпус 1;1020100001899
450,000,490;BANK;НОВИКОМБАНК;AO;2,546;25.10.1993;ACTIVE;119180,  г. Москва, ул. Полянка Большая, д. 50/1, стр. 1;1027739075891
490,000,002;BANK;НОВОБАНК;PAO;1,352;24.01.1991;ACTIVE;173003 Новгородская обл., г. Великий Новгород, наб. реки Гзень,  д.11;1025300002925
320,000,014;BANK;НОВОКИБ;OOO;1,747;03.04.1992;ACTIVE;654080, Кемеровская область-Кузбасс, город Новокузнецк, улица Свердлова, дом 7, помещение 181;1024200001792
320,000,010;BANK;НОВОКУЗНЕЦКИЙ МУНИЦИПАЛЬНЫЙ БАНК;OAO;2,865;31.05.1994;WITHDRAWN;654000, Кемеровская область, г.Новокузнецк, ул.Кирова, 38;1024200001770
30,000,048;BANK;НОВОПОКРОВСКИЙ;OOO;467;11.10.1990;WITHDRAWN;350059, г. Краснодар, Карасунский внутригородской округ, ул. Волжская/ул.им. Глинки, дом №47/77;1022300001272
450,041,928;BANK;НОВЫЙ ВЕК;OOO;3,417;20.06.2002;ACTIVE;115093, г. Москва, ул. Щипок, д. 4, стр. 1;1027700047715
450,000,962;BANK;НОВЫЙ МОСКОВСКИЙ БАНК;OOO;2,932;27.06.1994;ACTIVE;119435,  г. Москва, Большой Саввинский пер., д. 2-4-6, стр. 10;1027700128796
180,000,007;BANK;НОКССБАНК;AO;3,202;25.01.1995;ACTIVE;400005, г. Волгоград, ул. 7-й Гвардейской, дом 2;1023400000018
840,000,005;BANK;НООСФЕРА;AO;2,650;17.01.1994;ACTIVE;649000, Республика Алтай, г.Горно-Алтайск, пр.Коммунистический, 26;1020400000059
330,000,002;BANK;НОРВИК БАНК;PAO;902;22.11.1990;ACTIVE;610000, г.Киров, ул. Преображенская, 4;1024300004739
710,000,010;BANK;НОТА-БАНК;PAO;2,913;22.06.1994;WITHDRAWN;127018, г. Москва, ул. Образцова, д.31, стр. 3;1027739019000
450,016,148;RNKO;НРД;AO;3,294;27.06.1996;ACTIVE;105066, г. Москва, ул. Спартаковская, д. 12;1027739132563
450,001,012;BANK;НС БАНК;AO;3,124;11.10.1994;ACTIVE;109004, г. Москва, ул. Добровольческая, д. 20, стр. 2;1027739198200
530,000,006;BANK;НСТ-БАНК;AO;1,738;30.03.1992;WITHDRAWN;462359, Оренбургская обл., г. Новотроицк, ул. Советская, 49;1025600001019
450,000,130;BANK;НЭКЛИС-БАНК;OOO;1,671;18.12.1991;WITHDRAWN;125009, г. Москва, ул. Большая Никитская, д. 17, стр. 2;1027700409791
450,000,087;BANK;ОБРАЗОВАНИЕ;AO;1,521;10.07.1991;WITHDRAWN;119296,  г. Москва, Ленинский проспект, д. 63/2, корпус 1;1027739265355
450,000,539;BANK;ОБЪЕДИНЕННЫЙ БАНК ПРОМЫШЛЕННЫХ ИНВЕСТИЦИЙ;PAO;2,626;23.12.1993;WITHDRAWN;121069,  г. Москва, Мерзляковский пер., д. 20, строение 1;1027739206692
970,000,017;BANK;ОБЪЕДИНЕННЫЙ БАНК РЕСПУБЛИКИ;OOO;1,016;29.11.1990;ACTIVE;428010, Чувашская Республика, г.Чебоксары, Коммунальная слобода, 25а;1022100000120
400,000,017;BANK;ОБЪЕДИНЕННЫЙ КАПИТАЛ;AO;2,611;13.12.1993;ACTIVE;195220, г.Санкт-Петербург, ул. Гжатская, д. 21, корп. 2, лит. А;1027800003505
220,000,003;BANK;ОБЪЕДИНЕННЫЙ КРЕДИТНЫЙ БАНК;PAO;1,118;07.12.1990;WITHDRAWN;150040, г. Ярославль, ул. Чайковского, д.62/30;1025200000330
450,000,384;BANK;ОГНИ МОСКВЫ;OOO;2,328;29.04.1993;WITHDRAWN;105066,  г. Москва, ул.Новая Басманная, д.27;1037739768220
512,020,991;BANK;ОЗОН БАНК;OOO;3,516;28.02.2013;ACTIVE;Российская Федерация, 123112, город Москва, Пресненская набережная, дом 10, этаж 19;1137711000020
450,000,592;BANK;ОПМ-БАНК;OOO;2,734;04.03.1994;WITHDRAWN;127055, г. Москва, ул. Палиха, д. 10, стр. 7;1027739534371
630,000,006;BANK;ОРБАНК;AO;937;23.11.1990;WITHDRAWN;115280, г. Москва, ул. Ленинская Слобода, д. 19, стр. 32;1026400001803
450,000,610;BANK;ОТП БАНК;AO;2,766;28.03.1994;ACTIVE;125171, г. Москва, Ленинградское шоссе, д. 16 А, стр.2;1027739176563
450,000,346;BANK;ОФК БАНК;PAO;2,270;29.01.1993;WITHDRAWN;109240, г. Москва, ул. Николоямская, д. 7/8;1027739495420
450,039,650;BANK;ОХОТНЫЙ РЯД;OOO;3,375;19.07.2001;WITHDRAWN;119017, г. Москва, ул. Малая Ордынка, дом 20, строение 1;1027700157231
730,000,003;BANK;ПВ-БАНК;ZAO;634;30.10.1990;WITHDRAWN;432970, г. Ульяновск, ул. К. Маркса,1;1027300001354
30,000,058;BANK;ПЕРВОМАЙСКИЙ;PAO;518;19.10.1990;WITHDRAWN;350020 г. Краснодар, ул. Красная, 139;1022300001063
650,000,032;BANK;ПЕРВОУРАЛЬСКБАНК;AO;965;10.07.1992;ACTIVE;623109, Свердловская область, г.Первоуральск, пр. Ильича, 9 б;1026600001823
280,000,001;BANK;ПЕРВЫЙ ДЕПОЗИТНЫЙ БАНК;OOO;1,244;20.12.1990;WITHDRAWN;127055, г.Москва, ул. Тихвинская, д. 20;1026900001040
330,000,005;BANK;ПЕРВЫЙ ДОРТРАНСБАНК;AO;3,271;09.10.1995;ACTIVE;610001, г.Киров, улица Комсомольская, д.12А;1024300000097
450,000,697;BANK;ПЕРВЫЙ ИНВЕСТИЦИОННЫЙ БАНК;AO;604;26.10.1990;ACTIVE;127247,  г. Москва, Бескудниковский бульвар, д.36, корпус 1;1027739222246
450,042,935;BANK;ПЕРВЫЙ КЛИЕНТСКИЙ БАНК;OOO;3,436;17.04.2003;ACTIVE;115280, г. Москва, ул. Ленинская Слобода, д. 19, строение 1;1037711002339
450,000,147;BANK;ПЕРВЫЙ РЕСПУБЛИКАНСКИЙ БАНК;OAO;1,730;27.03.1992;WITHDRAWN;123557,  г. Москва, ул. Пресненский вал, д. 14, стр. 3;1027739042495
700,000,010;BANK;ПЕРВЫЙ ЭКСПРЕСС;OAO;3,237;21.03.1995;WITHDRAWN;300041, Тульская область, г.Тула, ул. Путейская, 1;1027100000036
450,000,272;BANK;ПЕРЕСВЕТ;PAO;2,110;13.10.1992;ACTIVE;119049, г. Москва, ул. Шаболовка, д. 10, корп. 2;1027739250285
570,000,002;BANK;ПЕРМЬ;AO;875;22.11.1990;ACTIVE;614015, г. Пермь,  ул. Куйбышева, 10;1025900000510
512,036,175;PNKO;ПЕРСПЕКТИВА;OOO;3,532;11.06.2015;ACTIVE;644033, г. Омск, ул. В.М. Шукшина, дом 9, помещение 9П;1155500000017
400,000,026;RNKO;ПЕТЕРБУРГСКИЙ РАСЧЕТНЫЙ ЦЕНТР;AO;3,306;18.11.1996;ACTIVE;191023, г.Санкт-Петербург, ул.Садовая, 12/23;1027800000931
400,000,040;BANK;ПЕТЕРБУРГСКИЙ СОЦИАЛЬНЫЙ КОМ. БАНК;AO;2,551;29.10.1993;ACTIVE;191123, Санкт-Петербург, ул. Шпалерная, д. 42, Литера А;1027800000227
450,000,554;BANK;ПИР БАНК;OOO;2,655;20.01.1994;WITHDRAWN;121099,  г. Москва, Новинский бульвар, дом 3 стр. 1;1027739735100
220,000,014;BANK;ПК-БАНК;OOO;2,652;19.01.1994;WITHDRAWN;603109, г.Нижний Новгород, наб. Федоровского, д. 8;1025200002002
360,000,025;RNKO;ПЛАТЕЖИ И РАСЧЕТЫ;AO;3,324;26.12.1997;ACTIVE;443011, г. Самара, Октябрьский район, ул.Советской Армии, д.238 В;1026300001859
512,056,803;RNKO;ПЛАТЕЖНЫЙ КОНСТРУКТОР;OOO;3,543;18.04.2022;WAITING;197136, г. Санкт-Петербург, ул. Профессора Попова, д.37, литера Щ, офис 609;1227800048068
800,000,007;BANK;ПЛАТЕЖНЫЙ СЕРВИСНЫЙ БАНК;OAO;1,943;26.06.1992;WITHDRAWN;450077, Республика Башкортостан, г.Уфа, ул.Достоевского,100;1020200000424
512,034,510;RNKO;ПЛАТЕЖНЫЙ СТАНДАРТ;OOO;3,530;05.12.2014;WITHDRAWN;630110, город Новосибирск, улица Богдана Хмельницкого, дом 56;1145400000019
10,000,008;RNKO;ПЛАТЕЖНЫЙ ЦЕНТР;OOO;3,166;02.12.1994;ACTIVE;630102, город Новосибирск, улица Кирова, дом 86;1025400002968
450,000,393;BANK;ПЛАТИНА;OOO;2,347;20.05.1993;WITHDRAWN;123610,  г. Москва, Краснопресненская наб., дом 12;1027739881091
650,000,034;BANK;ПЛАТО-БАНК;OOO;2,071;09.09.1992;WITHDRAWN;620014, г. Екатеринбург, ул. 8 Марта, 2;1026600005013
500,000,007;BANK;ПОЙДЁМ!;AO;2,534;19.10.1993;ACTIVE;127015, г. Москва, ул. Бутырская, д. 76, стр. 1;1025480001073
150,000,001;BANK;ПОЧТА БАНК;AO;650;31.10.1990;ACTIVE;107061, г. Москва, Преображенская пл., д. 8;1023200000010
570,000,006;BANK;ПОЧТОБАНК;AO;1,788;30.04.1992;ACTIVE;614096, г. Пермь, ул. Ленина, 68;1025900000059
400,000,001;BANK;ПРАЙМ ФИНАНС;AO;2,758;18.03.1994;WITHDRAWN;197374, Санкт-Петербург, ул.Савушкина, д.126, литера Б, помещение 71-Н;1027800001240
512,020,638;PNKO;ПРЕМИУМ;OOO;3,514;21.02.2013;WITHDRAWN;107023, г. Москва, Семеновский пер., д. 15;1137711000019
50,000,014;BANK;ПРИМОРСКИЙ ТЕРРИТОРИАЛЬНЫЙ;OOO;21;06.12.1991;ACTIVE;690091, Приморский край, г. Владивосток, ул.Семеновская, д.6г;1022500001325
50,000,002;BANK;ПРИМОРЬЕ;PAO;3,001;27.07.1994;ACTIVE;690091, Приморский край, г.Владивосток, ул.Светланская, 47;1022500000566
50,000,004;BANK;ПРИМСОЦБАНК;PAO;2,733;04.03.1994;ACTIVE;690106 Приморский край г.Владивосток Партизанский проспект, 44;1022500001061
710,000,047;BANK;ПРИОБЬЕ;AO;537;22.10.1990;ACTIVE;628616, Тюменская область, Ханты-Мансийский автономный округ,  г. Нижневартовск, просп. Победы, 18-а;1028600002100
610,000,007;BANK;ПРИО-ВНЕШТОРГБАНК;PAO;212;27.12.1991;ACTIVE;390023, г. Рязань, ул. Есенина,д.82/26;1026200000111
360,000,024;BANK;ПРИОРИТЕТ;OAO;3,135;19.10.1994;WITHDRAWN;443086, г.Самара, ул. Ерошевского, 3;1036303380850
450,000,486;BANK;ПРИСКО КАПИТАЛ БАНК;AO;2,537;21.10.1993;WITHDRAWN;123022,  г. Москва, Б. Предтеченский переулок, д.22;1027739700548
450,000,428;BANK;ПРОБИЗНЕСБАНК;OAO;2,412;07.07.1993;WITHDRAWN;119285,  г. Москва, ул. Пудовкина, д. 3;1027700508978
450,001,070;BANK;ПРОКОММЕРЦБАНК;OOO;2,996;26.07.1994;ACTIVE;127422,  г. Москва, ул. Тимирязевская, дом 1;1037739758022
450,000,435;BANK;ПРОМИНВЕСТБАНК;PAO;2,433;26.07.1993;ANNULLED;101000, Москва, ул. Маросейка, д. 9/2, стр. 1;1037739297881
690,000,015;BANK;ПРОМРЕГИОНБАНК;OOO;2,123;15.10.1992;WITHDRAWN;115184, г. Москва, ул.Большая Татарская, д. 29;1027000000059
460,000,008;BANK;ПРОМСБЕРБАНК;ZAO;1,043;30.11.1990;WITHDRAWN;142110, Московская область, г. Подольск, ул. Кирова, д.19;1025000000090
450,000,927;BANK;ПРОМСВЯЗЬБАНК;PAO;3,251;12.05.1995;ACTIVE;109052,  г. Москва, ул.Смирновская, д.10, стр.22;1027739019142
820,000,117;RNKO;ПРОМСВЯЗЬИНВЕСТ;OOO;2,761;22.03.1994;ACTIVE;367003, Республика Дагестан, г.Махачкала, ул.Ирчи-Казака, 2 Б ;1020500000333
630,000,009;BANK;ПРОМСЕЛЬХОЗБАНК;OOO;538;22.10.1990;ACTIVE;123290, г. Москва, 1-ый Магистральный тупик, дом 11, строение 1;1026400002012
800,000,012;BANK;ПРОМТРАНСБАНК;OOO;2,638;30.12.1993;ACTIVE;450008 , Республика Башкортостан, г. Уфа, ул.Ленина, 70;1020200000083
450,000,426;BANK;ПРОМЫШЛЕННО-ФИНАНСОВОЕ СОТРУДНИЧЕСТВО;PAO;2,410;07.07.1993;WITHDRAWN;119017,  г. Москва, ул. Большая Ордынка, д. 37/4, стр. 1;1027700136408
190,000,009;BANK;ПРОМЭНЕРГОБАНК;AO;2,728;04.03.1994;WITHDRAWN;160009 г. Вологда, ул. Чехова, д. 30;1023500000028
450,016,151;BANK;ПРОФЕССИОНАЛ БАНК;AO;3,296;08.07.1996;ACTIVE;127473,  г. Москва, улица Селезневская, дом 15 А, строение 1;1037739447350
570,000,013;BANK;ПРОФЕССИОНАЛЬНЫЙ ИНВЕСТИЦИОННЫЙ БАНК;AO;784;14.11.1990;WITHDRAWN;614010, г. Пермь, Комсомольский проспект, 80;1025900000488
830,000,002;BANK;ПРОХЛАДНЫЙ;OOO;874;22.11.1990;WITHDRAWN;361045, Кабардино-Балкарская Республика, г. Прохладный, ул. Ленина, д. 147;1020700000617
450,000,717;BANK;ПУЛЬС СТОЛИЦЫ;OOO;3,002;28.07.1994;WITHDRAWN;115114. г. Москва, Дербеневская набережная, д. 11;1027739068158
710,000,021;BANK;ПУРПЕ;OAO;709;02.11.1990;WITHDRAWN;628606, Тюменская обл., Ханты-Мансийский автономный округ-Югра, г. Нижневартовск, 9 микрорайон, ул  Мусы Джалиля, д. 9.;1028900000073
460,000,006;BANK;ПУШКИНО;OAO;391;29.12.1992;WITHDRAWN;141200, Московская область, г. Пушкино, микрорайон Дзержинец, д. 1;1025000003071
450,016,122;BANK;ПЧРБ;OOO;3,291;28.05.1996;WITHDRAWN;119454, г. Москва, ул. Лобачевского, д. 27;1027739125303
512,021,244;PNKO;ПЭЙПАЛ РУ;OOO;3,517;13.03.2013;ACTIVE;125047, г. Москва, ул. Бутырский Вал, д. 10;1137711000041
512,021,914;PNKO;ПЭЙЮ;OOO;3,518;08.04.2013;ACTIVE;119002, г. Москва, ул. Арбат, д. 10;1137711000052
220,000,015;BANK;РАДИОТЕХБАНК;PAO;1,166;12.12.1990;WITHDRAWN;603155, г. Нижний Новгород, ул. Максима Горького, д. 262, пом. П4;1025200001001
910,000,006;BANK;РАЗВИТИЕ;OOO;2,729;04.03.1994;WITHDRAWN;369000,  Карачаево-Черкесская Республика, г.Черкесск, ул. Красноармейская, 64;1020900001946
450,000,777;BANK;РАЗВИТИЕ-СТОЛИЦА;AO;3,013;03.08.1994;ACTIVE;105064, г. Москва, Нижний Сусальный переулок, д. 5, строение 15;1027739067861
450,016,096;BANK;РАЙФФАЙЗЕНБАНК;AO;3,292;10.06.1996;ACTIVE;129090,  г. Москва, ул.Троицкая, д.17, стр. 1;1027739326449
450,054,460;BANK;РАМ БАНК;OOO;3,480;27.12.2007;WITHDRAWN;123100, г. Москва, проезд Шмитовский, д. 3, строение 3;1077711000201
512,028,815;RNKO;РАСЧЕТНЫЕ РЕШЕНИЯ;OOO;3,524;28.01.2014;ACTIVE;119285, г. Москва, муниципальный округ Раменки вн.тер.г., МЖД Киевское 5-й км, д. 1, стр. 1, этаж 4, пом. 23/4;1147711000018
450,039,076;BANK;РАСЧЕТНЫЙ ДОМ;OOO;3,350;02.06.2000;WITHDRAWN;115093, г. Москва, 1-й Павловский переулок, д.3;1037739365487
780,000,165;BANK;РБА;OOO;3,413;28.05.2002;ACTIVE;119049, г.Москва, Ленинский просп., д. 11, стр.3;1027600000251
512,055,396;NKO_CK;РДК;OOO;3,540;18.12.2020;ACTIVE;119021, город Москва, ул. Тимура Фрунзе, д. 24, эт.2, пом. I, ком. 1-29;1027739057840
250,000,021;BANK;РЕАЛИСТ;AO;1,067;05.12.1990;ACTIVE;109004, г. Москва, ул. Станиславского, д. 4, стр. 1;1023800000124
800,000,008;BANK;РЕГИОНАЛЬНЫЙ БАНК РАЗВИТИЯ;PAO;2,782;06.04.1994;WITHDRAWN;105062, г.Москва, Лялин переулок, д. 19, корпус 1, помещение XXIV, комн. 18;1020200000040
450,039,647;BANK;РЕГИОНАЛЬНЫЙ БАНК СБЕРЕЖЕНИЙ;OOO;3,367;11.04.2001;WITHDRAWN;125040, г. Москва, 3-я улица Ямского Поля, д. 18;1027700141490
730,000,005;BANK;РЕГИОНАЛЬНЫЙ КОММЕРЧЕСКИЙ БАНК;AO;836;20.11.1990;WITHDRAWN;433508, Ульяновская область, г. Димитровград, ул. Самарская, дом 4;1027300534690
450,039,285;BANK;РЕГИОНФИНАНСБАНК;OOO;3,357;20.12.2000;WITHDRAWN;105120, г. Москва, Большой Полуярославский переулок, д. 12;1027700493589
450,039,651;BANK;РЕГНУМ;OOO;3,373;10.05.2001;WITHDRAWN;123154, г.Москва, проспект Маршала Жукова, д. 51;1037739295736
750,000,008;BANK;РЕЗЕРВ;AO;2,364;03.06.1993;WITHDRAWN;454090, г.Челябинск, ул.Труда, д.64 А;1027400001166
450,000,210;BANK;РЕНЕССАНС;OOO;1,939;26.06.1992;WITHDRAWN;119330, г. Москва, Мичуринский пр-т, дом 6, корпус 3;1027739474355
450,039,265;BANK;РЕНЕССАНС КРЕДИТ;OOO;3,354;24.11.2000;ACTIVE;115114, г. Москва, ул. Кожевническая, д. 14;1027739586291
450,001,146;BANK;РЕНТА-БАНК;AO;3,095;22.09.1994;ACTIVE;121059,  г. Москва, Бережковская набережная, д.20Г;1027744003231
450,043,406;BANK;РЕСО КРЕДИТ;AO;3,450;15.01.2004;ACTIVE;119285, г. Москва, Воробьёвское шоссе, дом 6;1087711000046
450,001,068;BANK;РЕСПУБЛИКАНСКИЙ КРЕДИТНЫЙ АЛЬЯНС;OOO;3,017;03.08.1994;ACTIVE;109004,  г. Москва, ул.Воронцовская, д.13/14, стр.1;1027739082931
450,000,724;BANK;РЕСУРС-ТРАСТ;AO;3,122;11.10.1994;ANNULLED;105066,  г. Москва, ул. Спартаковская, д. 4, стр. 1;1027739495794
610,000,006;BANK;РИНВЕСТБАНК;OOO;3,262;07.07.1995;WITHDRAWN;390000, г. Рязань, Первомайский проспект, д.14;1026200007855
512,043,188;RNKO;Р-ИНКАС;OOO;3,536;22.12.2016;ACTIVE;127051, город Москва, Малый Каретный переулок, д. 8;1167700076180
700,000,006;RNKO;РКЦ ДВ;AO;3,318;25.06.1992;ACTIVE;690001, г.Владивосток, улица Махалина, д. 15;1027100000311
520,000,001;BANK;РН БАНК;AO;170;26.04.1991;ACTIVE;109028, г.Москва, Серебряническая наб., д. 29;1025500003737
450,000,611;BANK;РОСАВТОБАНК;OOO;2,767;28.03.1994;WITHDRAWN;123056,  г. Москва, ул. Зоологическая, дом 26, строение 2;1027700067394
450,000,347;BANK;РОСБАНК;PAO;2,272;02.03.1993;ACTIVE;107078,  г. Москва, ул. Маши Порываевой, д. 34;1027739460737
450,000,049;BANK;РОСБИЗНЕСБАНК;PAO;1,405;11.03.1991;WITHDRAWN;115162,  г. Москва, ул. Мытная, д. 44, строение 12, офис 1-54;1027739149778
450,000,097;BANK;РОСДОРБАНК;PAO;1,573;25.09.1991;ACTIVE;115093,  г. Москва, ул. Дубининская, дом 86;1027739857958
450,000,340;BANK;РОСИНТЕРБАНК;AO;226;12.12.1991;WITHDRAWN;115114, г. Москва, ул. Кожевническая, д. 10, стр. 1;1027700351106
800,000,015;BANK;РОСКОМСНАББАНК;PAO;1,398;01.03.1991;WITHDRAWN;450076, Республика Башкортостан, г.Уфа, ул.Гафури, 54;1020200001634
450,039,042;BANK;РОССЕЛЬХОЗБАНК;AO;3,349;24.04.2000;ACTIVE;119034, г. Москва, Гагаринский пер., д.3;1027700342890
450,001,181;BANK;РОССИЙСКАЯ ФИНАНСОВАЯ КОРПОРАЦИЯ;AO;3,099;07.05.1993;ACTIVE;123001, г. Москва, Вспольный пер., д. 19;1037744005771
350,000,001;BANK;РОССИЙСКИЙ КРЕДИТ;OAO;324;23.12.1991;WITHDRAWN;125252,  г. Москва, ул. Сальвадора Альенде, д. 7;1037739057070
450,000,044;BANK;РОССИЙСКИЙ НАЦИОНАЛЬНЫЙ КОММЕРЧЕСКИЙ БАНК;PAO;1,354;25.01.1991;ACTIVE;295000, Республика Крым, г.Симферополь, улица Набережная имени 60-летия СССР, д. 34;1027700381290
450,001,091;BANK;РОССИЙСКИЙ ПРОМЫШЛЕННЫЙ БАНК;OOO;3,204;27.01.1995;WITHDRAWN;125009,  г. Москва, ул. Большая Никитская, дом 17, строение 2;1027739091280
450,001,206;BANK;РОССИТА-БАНК;OOO;3,257;27.06.1995;ACTIVE;125047,  г. Москва, ул. 1-я Брестская  д.22;1027739254036
400,000,023;BANK;РОССИЯ;AO;328;29.12.1991;ACTIVE;191124, Санкт-Петербург, пл. Растрелли, 2, литер А;1027800000084
30,000,022;BANK;РОСТФИНАНС;OOO;481;15.10.1990;ACTIVE;344019, г. Ростов-на-Дону, ул. 1-я Майская, 13а/11а;1022300003021
450,000,622;BANK;РОСЭКСИМБАНК;AO;2,790;18.04.1994;ACTIVE;123610,  г. Москва, Краснопресненская набережная, дом 12;1027739109133
600,000,031;BANK;РОСЭНЕРГОБАНК;AO;2,211;21.12.1992;WITHDRAWN;105062, г. Москва, пер. Подсосенский, д. 30, стр. 3;1027739136622
80,000,019;BANK;РОЯЛ КРЕДИТ БАНК;AO;783;14.11.1990;ACTIVE;690068, город Владивосток, проспект 100-летия Владивостока, дом 155, литер Б, 3 этаж;1022700000685
450,000,247;BANK;РСКБ;AO;2,050;09.09.1992;WITHDRAWN;119002,  г. Москва, Денежный переулок, д. 7, корп. 2;1027739435646
600,000,004;BANK;РУБАНК;AO;2,813;29.04.1994;WITHDRAWN;127055, г. Москва, ул. Тихвинская, д. 20;1026100002092
450,001,172;BANK;РУБЛЕВ;AO;3,098;22.09.1994;WITHDRAWN;105066, г. Москва, Елоховский проезд, д. 3, стр. 2;1027700159233
450,000,309;BANK;РУБЛЕВСКИЙ;OOO;2,192;16.12.1992;WITHDRAWN;119991,  г. Москва, ул. Льва Толстого, д.5/1, стр.1;1037739599402
450,000,976;BANK;РУНА-БАНК;AO;3,207;27.01.1995;WITHDRAWN;101000, г. Москва, ул. Мясницкая, дом 42/2, строение 2;1027739295968
450,000,893;BANK;РУНЭТБАНК;AO;2,829;11.05.1994;ANNULLED;123056,  г. Москва, ул.Гашека, д.9, стр.1, корп. 4;1037711002581
400,000,041;BANK;РУСКОБАНК;AO;138;11.04.1991;WITHDRAWN;188640, Ленинградская область, город Всеволожск, Всеволожский проспект, дом 29;1027800004517
450,041,924;BANK;РУСНАРБАНК;AO;3,403;11.04.2002;ACTIVE;115184, город Москва, Озерковский переулок, дом 3;1027739028855
70,000,011;BANK;РУССКИЙ БАНК СБЕРЕЖЕНИЙ;OOO;779;14.11.1990;ACTIVE;357350, Ставропольский край, Предгорный район, ст. Ессентукская, ул. Гагарина, 148;1022600000114
460,000,031;BANK;РУССКИЙ ЗЕМЕЛЬНЫЙ БАНК;OAO;2,810;29.04.1994;WITHDRAWN;123104, г.Москва, Сытинский пер., д. 3, стр. 1;1027739484321
450,042,606;BANK;РУССКИЙ ИНВЕСТИЦИОННЫЙ АЛЬЯНС;AO;3,434;17.04.2003;WITHDRAWN;127055, Москва, Вадковский пер., д. 5, стр. 1;1097711000122
500,000,006;BANK;РУССКИЙ ИПОТЕЧНЫЙ БАНК;OOO;1,968;14.07.1992;WITHDRAWN;119180, г. Москва, ул. Большая Полянка, дом 2, строение 2;1025400001637
450,001,006;BANK;РУССКИЙ МЕЖДУНАРОДНЫЙ БАНК;AO;3,123;11.10.1994;WITHDRAWN;119034,  г. Москва, ул. Пречистенка, д.36, строение 1;1077711000036
580,000,005;BANK;РУССКИЙ РЕГИОНАЛЬНЫЙ БАНК;PAO;685;01.11.1990;ACTIVE;108814, г. Москва, поселение Сосенское, Калужское шоссе, 24-км, домовл. 1, стр. 1, 9 этаж;1026000001983
450,000,010;BANK;РУССКИЙ СЛАВЯНСКИЙ БАНК;AO;1,073;05.12.1990;WITHDRAWN;129090, г. Москва,  просп. Мира, д. 3, строение 3;1027739837366
450,000,359;BANK;РУССКИЙ СТАНДАРТ;AO;2,289;31.03.1993;ACTIVE;105187, г. Москва, ул. Ткацкая, д. 36;1027739210630
450,000,938;BANK;РУССКИЙ СТРОИТЕЛЬНЫЙ БАНК;AO;3,205;27.01.1995;WITHDRAWN;109004,  г. Москва, Большой Дровяной переулок, д. 7/9, стр. 1;1027739327880
450,000,945;BANK;РУССКИЙ ТОРГОВЫЙ БАНК;OOO;2,842;16.05.1994;WITHDRAWN;119021,  г. Москва, ул. Тимура Фрунзе, д. 11, строение 60 А;1037739314348
70,000,009;BANK;РУССКИЙ ТРАСТОВЫЙ БАНК;AO;1,139;10.12.1990;WITHDRAWN;125009, г. Москва, улица Большая Никитская, дом 16;1022600000158
910,000,005;BANK;РУССКИЙ ФИНАНСОВЫЙ АЛЬЯНС;PAO;2,035;26.08.1992;WITHDRAWN;127051, г. Москва, Малый Каретный пер.,  д. 11-13, стр. 1;1020900001770
450,042,459;RNKO;РУССКОЕ ФИНАНСОВОЕ ОБЩЕСТВО;OOO;3,427;15.11.2002;WITHDRAWN;115054, г. Москва, ул. Щипок, д. 9/26, стр. 1;1027744004903
450,001,175;BANK;РУСЬУНИВЕРСАЛБАНК;OOO;3,293;24.06.1996;ACTIVE;105064, г. Москва, Малый Казенный пер., д.14, стр.1;1027739671288
450,039,252;BANK;РФИ БАНК;AO;3,351;10.11.2000;WITHDRAWN;105082, г. Москва, Переведеновский пер., д. 13, стр. 4;1027739051757
50,000,022;BANK;САММИТ БАНК;AO;85;22.04.1991;ACTIVE;690106, Приморский край, г.Владивосток, пр. Красного Знамени,3;1022500001930
400,002,619;BANK;САНКТ-ПЕТЕРБУРГСКИЙ БАНК ИНВЕСТИЦИЙ;AO;3,468;15.01.2007;ACTIVE;197101, г. Санкт-Петербург, ул. Большая Монетная, дом 16, корпус 30, Литер А;1077800000167
630,000,001;BANK;САРАТОВ;OOO;330;28.06.1990;ACTIVE;410071, г.Саратов, ул.Шелковичная, 177;1026400002089
220,000,012;BANK;САРОВБИЗНЕСБАНК;AO;2,048;28.08.1992;ACTIVE;607188, Нижегородская область, г.Саров, улица Силкина, 13;1025200001254
450,000,806;BANK;САХАДАЙМОНДБАНК;OOO;3,272;09.10.1995;WITHDRAWN;101000,  г. Москва, Колпачный пер., д.9, стр.1;1027739200884
350,000,004;BANK;СБЕРБАНК РОССИИ;PAO;1,481;20.06.1991;ACTIVE;117997,  г. Москва, ул. Вавилова, д.19;1027700132195
450,000,221;BANK;СВЯЗНОЙ БАНК;AO;1,961;21.07.1992;WITHDRAWN;123001,  г. Москва, Ермолаевский пер., д. 27, стр. 1;1027739019714
450,000,119;BANK;СДМ-БАНК;PAO;1,637;29.11.1991;ACTIVE;125424,  г. Москва, Волоколамское шоссе, д.73;1027739296584
110,000,005;RNKO;СЕВЕРНАЯ КЛИРИНГОВАЯ ПАЛАТА;ZAO;3,317;09.02.1993;WITHDRAWN;163000, г. Архангельск, пр. Советских Космонавтов, д.52;1022900001849
110,000,002;BANK;СЕВЕРНЫЙ КРЕДИТ;AO;2,398;25.06.1993;WITHDRAWN;160000, Вологодская область, г. Вологда, ул. Герцена, д. 27;1022900001772
450,039,456;BANK;СЕВЕРНЫЙ МОРСКОЙ ПУТЬ;AO;3,368;11.04.2001;ACTIVE;115035, г. Москва, ул. Садовническая, д. 71, стр. 11;1097711000078
870,000,001;BANK;СЕВЕРНЫЙ НАРОДНЫЙ БАНК;AO;2,721;25.02.1994;ACTIVE;167000, Республика Коми, г.Сыктывкар, ул.Первомайская, 68;1021100000074
450,000,612;BANK;СЕВЕРО-ВОСТОЧНЫЙ АЛЬЯНС;AO;2,768;31.03.1994;WITHDRAWN;127055,  г. Москва, ул.Сущевская, д.16, стр.3;1027739267390
512,004,380;BANK;СЕВЕРСТРОЙБАНК;AO;3,507;11.03.2012;ACTIVE;160009, г. Вологда, ул. Мальцева, д.52.;1123500000216
490,000,003;BANK;СЕВЗАПИНВЕСТПРОМБАНК;AO;2,152;06.11.1992;ACTIVE;191040, г. Санкт-Петербург, ул. Марата, 36-38, литер А;1027800000403
600,000,027;BANK;СЕЛЬМАШБАНК;PAO;106;06.08.1991;ACTIVE;344029, г. Ростов-на-Дону, пр. Сельмаш, 102;1026100002026
450,001,209;BANK;СЕРВИС РЕЗЕРВ;AO;2,034;28.08.1992;ACTIVE;119071,  г. Москва, ул. Орджоникидзе, д. 10;1027739058720
920,000,140;RNKO;СЕТЕВАЯ РАСЧЕТНАЯ ПАЛАТА;AO;3,332;19.11.1998;WITHDRAWN;420111, г.Казань, ул. К.Маркса, д.5, оф.28,32;1021600000861
630,000,008;BANK;СЕТЕЛЕМ БАНК;OOO;2,168;27.11.1992;ACTIVE;125124, г. Москва, ул. Правды, д. 26;1027739664260
40,000,007;BANK;СИАБ;PAO;3,245;27.03.1995;ACTIVE;196084, г. Санкт-Петербург, ул. Черниговская, 8, лит. А, пом. 1-Н;1022400003944
970,000,014;BANK;СИБИРСКИЙ БАНК РЕКОНСТРУКЦИИ И РАЗВИТИЯ;OOO;1,284;25.12.1990;WITHDRAWN;625003, г. Тюмень, ул. Клары Цеткин, дом 61, корп. 1/2;1022100008336
710,000,004;BANK;СИБНЕФТЕБАНК;OAO;385;06.09.1991;WITHDRAWN;625000, Тюменская область, г. Тюмень, ул. Первомайская, д. 39.;1027200000321
10,000,012;BANK;СИБСОЦБАНК;OOO;2,015;21.08.1992;ACTIVE;656049, Алтайский край, г.Барнаул, пр-кт Ленина,д. 61а;1022200525819
520,000,011;BANK;СИБЭС;AO;208;24.05.1993;WITHDRAWN;644007, г.Омск, ул. Рабиновича, 132/134;1025500000459
730,000,010;BANK;СИМБИРСК;OAO;653;31.10.1990;WITHDRAWN;432017, г. Ульяновск, ул.Карла Маркса, дом 5;1027300000232
650,000,021;BANK;СИНАРА;PAO;705;02.11.1990;ACTIVE;620026, г.Екатеринбург,ул. Куйбышева, 75;1026600000460
630,000,020;RNKO;СИНЕРГИЯ;AO;2,884;10.06.1994;ANNULLED;123610, г. Москва, Краснопресненская набережная, д. 12, пом. 650-648в;1026400001781
450,000,939;BANK;СИНКО-БАНК;OOO;2,838;16.05.1994;ACTIVE;107045,  г. Москва, Последний переулок, д.11, стр.1;1027739563610
450,000,984;BANK;СИСТЕМА;OOO;2,846;17.05.1994;ACTIVE;125009, г. Москва, Нижний Кисловский переулок,  д. 7, стр. 2;1027739919954
400,000,014;BANK;СИТИ ИНВЕСТ БАНК;AO;3,194;30.12.1994;ACTIVE;191187, г. Санкт-Петербург, ул. Шпалерная, д.2/4, литер А;1027800000095
450,000,496;BANK;СИТИБАНК;AO;2,557;01.11.1993;ACTIVE;125047,  г. Москва, ул. Гашека, д. 8-10, стр. 1;1027700431296
450,000,037;BANK;СЛАВИЯ;AO;2,664;27.01.1994;ACTIVE;117292,  г. Москва, ул. Кедрова, д.5А;1027739228758
490,000,001;BANK;СЛАВЯНБАНК;AO;804;15.11.1990;ACTIVE;173004  Новгородская обл., г.Великий Новгород, ул.Черемнова-Конюхова, д.12;1025300000175
450,000,668;BANK;СЛАВЯНСКИЙ БАНК;ZAO;383;13.01.1992;WITHDRAWN;109544,  г. Москва, ул. Большая  Андроньевская, д.17;1027739121849
450,041,925;BANK;СМАРТБАНК;AO;3,408;28.05.2002;WITHDRAWN;111024, г. Москва, ул. Старообрядческая, д. 46 А;1025000006459
660,000,002;BANK;СМОЛЕВИЧ;PAO;1,121;07.12.1990;WITHDRAWN;216500, Смоленская область, город Рославль, ул.Пролетарская, 47;1026700000051
660,000,003;BANK;СМОЛЕНСКИЙ БАНК;OAO;2,029;25.08.1992;WITHDRAWN;214000, город Смоленск, ул.Тенишевой, д.6 а;1126700000558
750,000,010;BANK;СНЕЖИНСКИЙ;AO;1,376;14.02.1991;ACTIVE;456770, Челябинская область, г. Снежинск, ул. Васильева, д. 19;1027400009064
920,000,016;BANK;СОВЕРЕН БАНК;AO;3,206;27.01.1995;WITHDRAWN;105120, г. Москва, пер. Полуярославский Б., д. 12;1021600000498
190,000,002;BANK;СОВЕТСКИЙ;AO;558;24.10.1990;WITHDRAWN;194044, г. Санкт-Петербург, Большой Сампсониевский пр., д. 4-6, лит. А;1027800000040
340,000,004;BANK;СОВКОМБАНК;PAO;963;27.11.1990;ACTIVE;156000, г. Кострома, пр. Текстильщиков, д. 46;1144400000425
450,040,237;BANK;СОВРЕМЕННЫЕ СТАНДАРТЫ БИЗНЕСА;OOO;3,397;06.02.2002;WITHDRAWN;119296, г. Москва, Ломоносовский проспект, д. 18;1027739066739
450,001,084;BANK;СОДРУЖЕСТВО;OAO;2,923;27.06.1994;WITHDRAWN;119017, г. Москва, ул. Большая Ордынка, дом 40, строение 1;1027739008879
450,000,941;BANK;СОКОЛОВСКИЙ;AO;2,830;11.05.1994;ACTIVE;119002,  г. Москва, улица Арбат, дом 43, строение 3;1027739247227
300,000,005;BANK;СОЛИД БАНК;AO;1,329;04.01.1991;ACTIVE;690091, г. Владивосток, ул. Алеутская, д. 33;1024100000121
360,000,021;BANK;СОЛИДАРНОСТЬ;AO;554;23.10.1990;ACTIVE;443099, г.Самара, ул.Куйбышева,90;1026300001848
450,000,092;BANK;СОЛИДАРНОСТЬ;AO;1,555;02.09.1991;WITHDRAWN;119334,  г. Москва, Ленинский проспект, дом 37, корпус 1;1027739165409
450,000,868;BANK;СОФРИНО;ZAO;2,972;18.07.1994;WITHDRAWN;125009 , г. Москва, Леонтьевский пер., д. 2 А, стр.2;1027700003935
450,000,828;BANK;СОЦИУМ-БАНК;OOO;2,881;09.06.1994;ACTIVE;125190,  г. Москва, Ленинградский проспект, д. 80, корпус 16;1037739058609
450,000,371;BANK;СОЮЗ;AO;2,307;23.04.1993;ACTIVE;127030, г. Москва, ул. Сущевская, д. 27, стр. 1;1027739447922
450,000,946;BANK;СОЮЗНЫЙ;OOO;3,236;15.03.1995;WITHDRAWN;107014,  г. Москва, улица Бабаевская, дом 6;1027739051383
410,000,004;BANK;СПБ Банк;PAO;435;03.10.1990;ACTIVE;127006, г. Москва, ул. Долгоруковская, д. 38, стр. 1;1037700041323
512,055,083;NKO_CK;СПБ КЛИРИНГ;AO;3,539;28.09.2020;ACTIVE;127006 г. Москва, ул. Долгоруковская, д 38, строение 1, этаж 2, помещение 1, комнаты 2,3;1097799031472
450,000,903;BANK;СПЕЦСЕТЬСТРОЙБАНК;OOO;3,062;01.09.1994;WITHDRAWN;115035,  г. Москва, ул. Балчуг, д. 3/2;1037739770661
450,000,403;BANK;СПЕЦСТРОЙБАНК;OOO;236;22.02.1993;ACTIVE;109004,  г. Москва, ул. Александра Солженицына, д. 12, стр. 4;1027739412359
920,000,018;BANK;СПУРТ;PAO;2,207;22.12.1992;WITHDRAWN;420107, г.Казань, ул.Спартаковская, дом 2;1021600000421
530,000,003;BANK;СПУТНИК;PAO;1,071;05.12.1990;WITHDRAWN;443041, г. Самара, ул. Агибалова, д. 48;1025600006024
70,000,014;BANK;СТАВРОПОЛЬПРОМСТРОЙБАНК;PAO;1,288;26.12.1990;ACTIVE;355041, Ставропольский край, г.Ставрополь, ул. Краснофлотская, 88а;1022600000092
710,000,007;BANK;СТАРБАНК;AO;548;23.10.1990;WITHDRAWN;127055, город Москва, улица Бутырский Вал, дом 68/70, строение 1;1028900000051
600,000,021;BANK;СТЕЛЛА-БАНК;AO;2,948;29.06.1994;WITHDRAWN;344022, г. Ростов-на-Дону, ул. Большая Садовая, 188а;1026100001938
450,001,154;BANK;СТОЛИЧНЫЙ КРЕДИТ;OOO;2,853;17.05.1994;ACTIVE;105005,  г. Москва, ул. Бауманская, д. 54, стр. 1;1027739199927
450,000,629;BANK;СТРАТЕГИЯ;PAO;2,801;22.04.1994;WITHDRAWN;119435, г. Москва, Большой Саввинский переулок, дом 12, строение 11;1027739199355
450,000,167;BANK;СТРОЙКРЕДИТ;OAO;18;26.12.1991;WITHDRAWN;109544, г. Москва, ул. Большая Андроньевская, д. 17;1037711012525
710,000,026;BANK;СТРОЙЛЕСБАНК;OOO;2,995;26.07.1994;ACTIVE;625000, г. Тюмень, ул. Республики, дом 65;1028600003442
450,001,126;BANK;СУДОСТРОИТЕЛЬНЫЙ БАНК;OOO;2,999;27.07.1994;WITHDRAWN;115035,  г. Москва, Раушская наб., д.4/5, стр.1;1027739177091
450,057,457;BANK;СУМИТОМО МИЦУИ РУС БАНК;AO;3,494;07.04.2009;ACTIVE;123112, г. Москва, Пресненская набережная, д. 10;1097711000045
710,000,045;BANK;СУРГУТНЕФТЕГАЗБАНК;AO;588;25.10.1990;ACTIVE;628404, Тюменская область, Ханты-Мансийский автономный округ - Югра, город Сургут, улица Григория Кукуевицкого, дом 19;1028600001792
410,000,006;BANK;СЭБ БАНК;AO;3,235;15.03.1995;ACTIVE;195009, г. Санкт-Петербург, ул. Михайлова, д.11;1027800000910
980,000,021;BANK;ТААТТА;AO;1,249;20.12.1990;WITHDRAWN;677018, Республика Саха (Якутия), г. Якутск, ул. Чепалова, д. 36;1021400000380
400,000,009;BANK;ТАВРИЧЕСКИЙ БАНК;AO;2,304;21.04.1993;ACTIVE;191014, Санкт-Петербург, ул. Радищева, дом 39, литер А;1027800000315
600,000,003;BANK;ТАГАНРОГБАНК;AO;3,136;19.10.1994;ACTIVE;347900, Ростовская область, г.Таганрог, ул. Греческая, 71;1026100002565
650,000,028;BANK;ТАГИЛБАНК;AO;1,635;25.11.1991;WITHDRAWN;622001, Свердловская область, г. Нижний Тагил, ул. Ломоносова, дом 2 А;1036605604078
320,000,004;BANK;ТАЙДОН;OOO;2,085;18.09.1992;ACTIVE;650070, Кемеровская область, г. Кемерово, пр. Молодежный, д. 5;1024200685948
600,000,001;BANK;ТАЙМ БАНК;PAO;3,120;10.10.1994;WITHDRAWN;127254, г. Москва, ул. Руставели, д. 6;1026100001839
10,000,011;BANK;ТАЛЬМЕНКА-БАНК;OOO;826;16.11.1990;WITHDRAWN;656037, Алтайский край, г.Барнаул, пр.Ленина, 156-а;1022200529537
680,000,002;BANK;ТАМБОВКРЕДИТПРОМБАНК;AO;1,312;28.12.1990;ACTIVE;392000, г. Тамбов, ул. Советская, 118;1026800000017
920,000,011;BANK;ТАТАГРОПРОМБАНК;OOO;728;11.11.1990;WITHDRAWN;420097, Республика Татарстан, г.Казань, ул.Зинина, д.4;1021600002500
920,000,020;BANK;ТАТСОЦБАНК;AO;480;12.10.1990;ACTIVE;420111, г.Казань, ул.Чернышевского, 18/23;1021600000256
920,000,022;BANK;ТАТФОНДБАНК;PAO;3,058;24.08.1994;WITHDRAWN;420111, г.Казань, ул.Чернышевского, д. 43/2;1021600000036
750,000,017;BANK;ТАУРУС БАНК;AO;655;31.10.1990;WITHDRAWN;127051, г.Москва, Крапивенский переулок, дом 4, строение 1, здание 3;1027400009790
910,000,007;BANK;ТЕКСБАНК;AO;2,756;18.03.1994;ANNULLED;369000,  Карачаево-Черкесская Республика, г. Черкесск, ул. Кавказская, 99;1020900001968
450,000,691;BANK;ТЕМПБАНК;PAO;55;17.12.1991;WITHDRAWN;109044,  г. Москва, ул. Крутицкий вал, д. 26, строение 2;1027739270294
450,000,333;BANK;ТЕНДЕР-БАНК;AO;2,252;25.01.1993;ACTIVE;125047,  г. Москва, ул. Гашека, д.2, стр.1;1027739463300
920,000,007;BANK;ТИМЕР БАНК;AO;1,581;03.10.1991;ACTIVE;115054, г. Москва, ул. Бахрушина, д. 23, стр. 2;1021600000146
450,000,562;BANK;ТИНЬКОФФ БАНК;AO;2,673;28.01.1994;ACTIVE;127287, г. Москва, ул. 2-я Хуторская, дом 38А, стр. 26;1027739642281
640,000,014;BANK;ТИХООКЕАНСКИЙ ВНЕШТОРГБАНК;OAO;1,378;20.02.1991;WITHDRAWN;693020, Сахалинская область, г. Южно-Сахалинск,  Коммунистический проспект,  д. 76.;1026500000031
450,053,656;BANK;ТОЙОТА БАНК;AO;3,470;03.04.2007;ACTIVE;127273, г. Москва, улица Отрадная, дом 2Б, строение 1;1077711000058
360,000,003;BANK;ТОЛЬЯТТИХИМБАНК;AO;2,507;21.09.1993;ACTIVE;445009, Самарская обл., г.Тольятти, ул.Горького, 96;1026300001881
690,000,003;BANK;ТОМСКПРОМСТРОЙБАНК;PAO;1,720;10.01.1992;ACTIVE;634061, город Томск, проспект Фрунзе, 90;1027000002446
280,000,008;BANK;ТОРГОВЫЙ ГОРОДСКОЙ БАНК;AO;3,180;16.12.1994;WITHDRAWN;129090, г. Москва, Спасский тупик, д. 2, строение 1;1026900000050
280,000,005;BANK;ТОРЖОК;AO;933;23.11.1990;ACTIVE;172002, Тверская область, г.Торжок, площадь Ананьина, дом 3;1026900000170
450,000,320;BANK;ТРАНСКАПИТАЛБАНК;PAO;2,210;24.12.1992;ACTIVE;109147,  г. Москва, ул.Воронцовская, д.27/35;1027739186970
450,000,270;BANK;ТРАНСНАЦИОНАЛЬНЫЙ БАНК;OOO;2,108;09.10.1992;WITHDRAWN;119180,  г. Москва, 1-й Хвостов пер., д. 3А, стр. 2;1027739300050
450,001,009;BANK;ТРАНСПОРТНЫЙ;OOO;3,174;05.12.1994;WITHDRAWN;129090, г. Москва, ул. Каланчёвская, д. 49;1027739542258
450,000,632;BANK;ТРАНССТРОЙБАНК;AO;2,807;28.04.1994;ACTIVE;115093,  г. Москва, ул. Дубининская, д. 94.;1027739582089
400,000,028;BANK;ТРАСТ;PAO;3,279;27.11.1995;ACTIVE;121151, г. Москва, ул. Можайский Вал, д. 8;1027800000480
450,041,918;BANK;ТРАСТОВЫЙ РЕСПУБЛИКАНСКИЙ БАНК;OOO;3,404;11.04.2002;WITHDRAWN;125047, г. Москва, ул. 2-я Брестская, д. 32;1027700427226
450,042,635;BANK;ТРОЙКА-Д БАНК;AO;3,431;31.12.2002;WITHDRAWN;119180, г. Москва, ул. Большая Полянка, д. 19, стр. 1;1027744007246
700,000,002;BANK;ТУЛЬСКИЙ ПРОМЫШЛЕННИК;PAO;2,382;11.06.1993;WITHDRAWN;300028, Тульская область, г.Тула, ул. Смидович, 18-б;1027100000080
450,000,584;BANK;ТУСАР;AO;2,712;24.02.1994;WITHDRAWN;109240, г. Москва, улица Верхняя Радищевская, дом 17/2, строение 2;1027739482242
450,000,608;BANK;ТЭМБР-БАНК;AO;2,764;28.03.1994;WITHDRAWN;127473,  г. Москва, 1-й Волконский пер., д. 10;1027739282581
710,000,015;BANK;ТЮМЕНЬАГРОПРОМБАНК;ZAO;917;23.11.1990;WITHDRAWN;625002, Тюменская область, г. Тюмень, ул. Комсомольская, д. 60;1027200000080
320,000,008;BANK;УГЛЕМЕТБАНК;AO;2,997;27.07.1994;ACTIVE;454138, г.Челябинск, ул.Молодогвардейцев, 17б;1024200006434
650,000,015;BANK;УИК-БАНК;OOO;1,300;27.12.1990;WITHDRAWN;454084, г.Челябинск, Свердловский проспект, дом 35 А;1026600000041
650,000,017;BANK;УМ-БАНК;OOO;1,441;17.04.1991;WITHDRAWN;115184, г. Москва, ул. Ордынка Б, д. 59, стр. 2;1026600000063
450,041,926;BANK;УНИВЕРСАЛТРАСТ;OOO;3,402;11.04.2002;WITHDRAWN;119180, г. Москва, 1-й Голутвинский переулок, д. 6;1027739481780
450,001,029;BANK;УНИВЕРСАЛЬНЫЙ КРЕДИТ;OAO;2,903;21.06.1994;WITHDRAWN;105064, г. Москва, ул. Земляной вал, д. 36, стр. 2-2А;1027700040477
360,000,020;BANK;УНИФИН;AO;2,654;20.01.1994;WITHDRAWN;127051, г. Москва, 1-ый Колобовский переулок, дом 11;1027739197914
450,042,006;BANK;УНИФОНДБАНК;OOO;3,416;20.06.2002;ACTIVE;127473, г. Москва, 1-ый Волконский переулок, дом 13;1027739042143
750,000,014;BANK;УРАЛЛИГА;ZAO;1,626;20.11.1991;WITHDRAWN;454091, г.Челябинск, ул.Свободы, 83;1027400000803
750,000,013;BANK;УРАЛПРОМБАНК;AO;2,964;11.07.1994;ACTIVE;454090, г.Челябинск, ул.Свободы, 97;1027400001727
800,000,002;BANK;УРАЛСИБ;PAO;2,275;28.01.1993;ACTIVE;119048, г. Москва, ул. Ефремова, 8;1020280000190
650,000,005;BANK;УРАЛТРАНСБАНК;PAO;812;29.11.1991;WITHDRAWN;620027, г.Екатеринбург, ул. Мельковская, 2 Б;1026600001779
650,000,018;BANK;УРАЛФИНАНС;OOO;1,370;07.02.1991;ACTIVE;620075, Свердловская область, г. Екатеринбург, ул. Кузнечная, д.83;1026600001361
650,000,031;BANK;УРАЛЬСКИЙ БАНК РЕКОНСТРУКЦИИ И РАЗВИТИЯ;PAO;429;28.09.1990;ACTIVE;620014, г.Екатеринбург, ул. Сакко и Ванцетти, д.67;1026600000350
800,000,010;BANK;УРАЛЬСКИЙ КАПИТАЛ;OOO;2,519;30.09.1993;WITHDRAWN;450071, Российская Федерация , Республика Башкортостан, город Уфа, улица Рязанская, дом  10;1020200000402
940,000,014;BANK;УРАЛЬСКИЙ ТРАСТОВЫЙ БАНК;OAO;2,523;05.10.1993;WITHDRAWN;426008, Удмуртская Республика, г. Ижевск, ул. Пушкинская, 268;1021800001190
570,000,020;BANK;УРАЛЬСКИЙ ФИНАНСОВЫЙ ДОМ;AO;249;27.12.1991;ACTIVE;614990, г. Пермь, ул. Ленина, 64;1025900000048
450,054,237;BANK;УРИ БАНК;AO;3,479;18.10.2007;ACTIVE;121099, г. Москва, Новинский бульвар, дом 8;1077711000190
80,000,007;BANK;УССУРИ;AO;596;26.10.1990;WITHDRAWN;680013, город Хабаровск, улица Карла Маркса, дом 96 А;1022700002654
360,000,014;BANK;ФИА-БАНК;AO;2,542;25.10.1993;WITHDRAWN;445037, Самарская обл., г. Тольятти,  Новый проезд, д.8;1026300001980
400,000,029;BANK;ФИНАНСОВЫЙ КАПИТАЛ;OOO;3,288;03.04.1996;WITHDRAWN;190121, г. Санкт-Петербург, ул.Садовая, дом 121, литер А;1037858008506
810,000,010;BANK;ФИНАНСОВЫЙ СТАНДАРТ;OOO;1,053;03.12.1990;WITHDRAWN;129090, г. Москва, ул. Троицкая, д. 7, стр. 4;1027739326306
450,000,991;BANK;ФИНАРС БАНК;AO;2,938;29.06.1994;WITHDRAWN;109240,  г. Москва, Москворецкая набережная, д. 7, стр. 2;1027744001878
450,000,292;BANK;ФИНПРОМБАНК;PAO;2,157;19.11.1992;WITHDRAWN;107045,  г. Москва, Последний переулок, д.24;1027739174759
450,039,653;BANK;ФИНСЕРВИС;AO;3,388;05.11.2001;ACTIVE;121151, г. Москва, Набережная Тараса Шевченко, дом 23 А, 2 этаж, пом. 1, ком. № 1;1087711000013
450,059,021;BANK;ФИНТЕХ;OOO;3,499;03.12.2009;WITHDRAWN;109147, г. Москва, ул. Воронцовская, д.23.;1097711000111
450,000,319;BANK;ФК ОТКРЫТИЕ;PAO;2,209;15.12.1992;ACTIVE;115114, г. Москва, ул. Летниковская, д.2, стр.4;1027739019208
450,000,688;BANK;ФЛОРА-МОСКВА;AO;533;19.10.1990;WITHDRAWN;119049,  г. Москва, ул. Донская, дом 4, строение 3;1027739082425
450,059,573;BANK;ФОЛЬКСВАГЕН БАНК РУС;OOO;3,500;02.07.2010;ACTIVE;117485, г. Москва, ул. Обручева, д. 30/1, стр. 2;1107711000044
450,000,194;BANK;ФОРА-БАНК;AO;1,885;27.05.1992;ACTIVE;119021,  г. Москва, Зубовский бульвар, д.25;1027739553764
10,000,013;BANK;ФОРБАНК;AO;2,063;09.09.1992;WITHDRAWN;105066, г. Москва, ул. Новая Басманная, д. 29, стр. 1;1022200526061
220,001,768;BANK;ФОРУС БАНК;AO;3,457;24.06.2005;WITHDRAWN;603000, г. Нижний Новгород, ул. Максима Горького, д.117;1055200015408
530,000,009;BANK;ФОРШТАДТ;AO;2,208;15.12.1992;ACTIVE;460001, Оренбургская область, г. Оренбург, ул. Чкалова, 35/1;1025600000854
640,000,016;BANK;ФРИДОМ ФИНАНС;OOO;1,143;10.12.1990;ACTIVE;127006, г. Москва, ул. Каретный ряд, д. 5/10, строение 2;1026500000317
950,000,001;BANK;ХАКАССКИЙ МУНИЦИПАЛЬНЫЙ БАНК;OOO;1,049;03.12.1990;ACTIVE;655017, Республика Хакасия, г.Абакан, ул.Хакасская, 73;1021900002563
220,000,021;BANK;ХИМИК;PAO;1,114;07.12.1990;ACTIVE;606008, Нижегородская область, г.Дзержинск, улица Урицкого, 10 - Б;1025200000198
450,000,650;BANK;ХКФ БАНК;OOO;316;12.05.1992;ACTIVE;125040, г. Москва, ул. Правды, д. 8, корпус 1;1027700280937
330,000,001;BANK;ХЛЫНОВ;AO;254;06.03.1990;ACTIVE;610002, г.Киров, ул. Урицкого, д. 40;1024300000042
450,001,078;BANK;ХОЛДИНГ-КРЕДИТ;OOO;3,030;04.08.1994;WITHDRAWN;121069, г. Москва, ул. Садовая-Кудринская, д. 2/62, стр. 4;1037739574773
640,000,003;RNKO;ХОЛМСК;AO;503;17.10.1990;ACTIVE;693004, г. Южно-Сахалинск, ул. Ленина, 304Г;1026500000141
450,000,561;BANK;ЦЕНТРАЛЬНО-ЕВРОПЕЙСКИЙ БАНК;OOO;2,670;28.01.1994;WITHDRAWN;672007, г. Чита, ул. Бабушкина, д. 108, помещение 4;1027700474944
600,000,026;BANK;ЦЕНТР-ИНВЕСТ;PAO;2,225;28.12.1992;ACTIVE;344000, г. Ростов-на-Дону, пр. Соколова, 62;1026100001949
450,001,066;BANK;ЦЕНТРКОМБАНК;OOO;2,983;19.07.1994;WITHDRAWN;115054,  г. Москва, 3-й Монетчиковский пер., д.11, стр.1;1027739019527
450,000,025;BANK;ЦЕНТРОКРЕДИТ;AO;121;28.02.1992;ACTIVE;119017,  г. Москва, ул.Пятницкая, д.31/2, стр. 1;1027739198387
540,000,001;BANK;ЦЕРИХ;ZAO;3,278;16.11.1995;WITHDRAWN;302030, г. Орёл, ул. Московская, 29;1025700000578
512,035,614;BANK;ЦМРБАНК;OOO;3,531;28.04.2015;ACTIVE;127055, г. Москва, ул. Палиха, д. 10, стр. 7;1157700005759
512,020,696;BANK;ЧАЙНА КОНСТРАКШН БАНК;OOO;3,515;04.03.2013;ACTIVE;101000, г. Москва, пр. Лубянский, д. 11/1, стр. 1;1137711000030
512,033,151;BANK;ЧАЙНАСЕЛЬХОЗБАНК;OOO;3,529;25.09.2014;ACTIVE;125047, г. Москва, ул. Лесная, д. 5;1147711000051
750,000,018;BANK;ЧЕЛИНДБАНК;PAO;485;16.10.1990;ACTIVE;454091, г.Челябинск, ул.К.Маркса, 80;1027400000110
750,000,016;BANK;ЧЕЛЯБИНВЕСТБАНК;PAO;493;17.10.1990;ACTIVE;454113, г.Челябинск, пл.Революции, 8;1027400001650
970,000,003;BANK;ЧУВАШКРЕДИТПРОМБАНК;PAO;1,280;24.12.1990;WITHDRAWN;428018, Чувашская Республика, г.Чебоксары, Проспект Московский,3;1022100000064
450,016,087;BANK;ЭЙЧ-ЭС-БИ-СИ БАНК (РР);OOO;3,290;23.04.1996;ACTIVE;115054, г. Москва, Павелецкая площадь, дом 2, строение 2;1027739139075
450,001,053;BANK;ЭКО-ИНВЕСТ;OOO;3,116;10.10.1994;ACTIVE;109240,  г. Москва, ул. Верхняя Радищевская, д.18, стр.2;1027739469746
630,000,023;BANK;ЭКОНОМБАНК;AO;1,319;29.12.1990;ACTIVE;410031, г.Саратов, ул.Радищева, 28;1026400002067
450,000,626;BANK;ЭКОНОМИЧЕСКИЙ СОЮЗ;AO;2,798;19.04.1994;WITHDRAWN;125252, г. Москва, ул. Алабяна, д. 13, корп. 1;1127711000010
570,000,014;BANK;ЭКОПРОМБАНК;OAO;2,011;17.08.1992;WITHDRAWN;614000, г. Пермь, ул. Екатерининская, 120;1025900003854
400,000,015;BANK;ЭКСИ-БАНК;AO;2,530;14.10.1993;ACTIVE;197376, Санкт-Петербург, ул. Профессора Попова, д. 23;1027800000942
520,000,016;BANK;ЭКСПЕРТ БАНК;AO;2,949;29.06.1994;WITHDRAWN;644046, г.Омск, ул. Маршала Жукова, дом № 107;1025500001328
450,000,986;BANK;ЭКСПОБАНК;AO;2,998;27.07.1994;ACTIVE;107078, г. Москва, ул. Каланчевская, д. 29, стр. 2;1217700369083
820,000,013;BANK;ЭКСПРЕСС;OAO;3,084;06.09.1994;WITHDRAWN;367000, Республика Дагестан, г. Махачкала, ул. Абубакарова, 92;1020500000619
450,000,265;BANK;ЭКСПРЕСС-КРЕДИТ;AO;210;30.09.1991;WITHDRAWN;105037,  г. Москва, ул.3-я Прядильная, д.3;1027739290270
840,000,004;BANK;ЭЛ БАНК;OOO;1,025;29.11.1990;WITHDRAWN;445037,  Самарская область, г. Тольятти, Новый проезд, д. 8;1020400000070
512,039,606;RNKO;ЭЛЕКСИР;OOO;3,533;09.03.2016;ACTIVE;125047, Россия, город Москва, улица 1-я Тверская-Ямская, дом 23, строение 1, 4 этаж, помещение V, комнаты № 6, 6а, 7-9, 10а, 10б, 21, 22, 26, 27;1167700053278
450,000,718;RNKO;ЭЛЕКСНЕТ;AO;3,314;30.06.1992;ACTIVE;119530, г. Москва, Очаковское шоссе, д. 10, корпус 2, стр. 1, помещение VI, этаж 3, комната № 11.;1027739020726
512,006,806;PNKO;ЭЛЕКТРОННЫЙ ПЛАТЕЖНЫЙ СЕРВИС;OOO;3,509;27.06.2012;ANNULLED;115093, г. Москва, ул. Павловская, д. 7, стр. 1;1127711000020
290,000,009;BANK;ЭЛИТА;OOO;1,399;06.03.1991;ACTIVE;248000, г. Калуга, ул. Московская, д. 6;1024000001002
512,041,226;PNKO;ЭЛПЛАТ;OOO;3,535;25.07.2016;ACTIVE;426009, г. Ижевск, ул. Совхозная, дом 34;1161832070840
820,000,100;BANK;ЭЛЬБИН;AO;2,267;29.01.1993;WITHDRAWN;367000, Республика Дагестан, г. Махачкала, ул. Батырая, д.56;1020500001103
450,050,768;BANK;ЭМ-Ю-ЭФ-ДЖИ БАНК (ЕВРАЗИЯ);AO;3,465;29.05.2006;ACTIVE;125009, г. Москва, Романов переулок, д. 4, стр. 2;1067711004492
920,000,027;BANK;ЭНЕРГОБАНК;AO;67;30.10.1991;ACTIVE;420111, Республика Татарстан,  г.Казань, ул.Пушкина, д.13/52;1021600000289
400,000,043;BANK;ЭНЕРГОМАШБАНК;PAO;52;03.12.1991;WITHDRAWN;197110, Российская Федерация, г. Санкт-Петербург, ул. Петрозаводская, д. 11, лит. А.;1027800001261
270,000,004;BANK;ЭНЕРГОТРАНСБАНК;AO;1,307;27.12.1990;ACTIVE;236016, г. Калининград,  ул. Клиническая , д.83А;1023900000080
450,000,637;BANK;ЭРГОБАНК;OOO;2,856;17.05.1994;WITHDRAWN;109012  г. Москва, Старопанский переулок, дом. 4, строения 1,2;1027739371956
450,000,891;BANK;ЭС-БИ-АЙ БАНК;OOO;3,185;26.12.1994;ACTIVE;125315, г. Москва, Ленинградский проспект, д. 72, корп. 2, корп. 4;1037739028678
820,000,020;BANK;ЭСИДБАНК;OOO;1,991;29.07.1992;WITHDRAWN;367000, Республика Дагестан, г. Махачкала, ул. Коркмасова, 45;1020500000058
450,050,374;BANK;Ю БИ ЭС БАНК;OOO;3,463;09.03.2006;ACTIVE;115054, г. Москва, Павелецкая пл., д. 2, стр. 2;1067711001863
30,000,003;BANK;ЮГ-ИНВЕСТБАНК;PAO;2,772;05.04.1994;ACTIVE;350000, г. Краснодар, ул. Красная, 113;1022300001811
710,000,029;BANK;ЮГРА;PAO;880;22.11.1990;WITHDRAWN;101000, г. Москва, Лубянский проезд, д. 27/1, строение 1;1028600001770
512,007,244;RNKO;ЮМани;OOO;3,510;02.08.2012;ACTIVE;115035, город Москва, Садовническая улица, дом 82, строение 2;1127711000031
30,003,342;BANK;ЮМК БАНК;OOO;3,495;12.05.2009;WITHDRAWN;350080, г. Краснодар, ул. Уральская, 95;1172375051936
450,000,514;BANK;ЮНИКОР;OAO;2,586;25.11.1993;WITHDRAWN;129515, г. Москва, ул. 1-я Останкинская, д. 26;1027700035835
450,000,005;BANK;ЮНИКРЕДИТ БАНК;AO;1;15.11.1991;ACTIVE;119034,  г. Москва, Пречистенская набережная, д.9;1027739082106
450,051,666;BANK;ЮНИСТРИМ;AO;3,467;31.05.2006;ACTIVE;127083, г. Москва, ул. Верхняя Масловка, д. 20, стр. 2;1067711004437
512,056,494;RNKO;ЮСИЭС;OOO;3,541;12.11.2021;ACTIVE;117449, г. Москва, ул. Новочерёмушкинская, д.10;1217700542344
450,000,804;BANK;ЯНДЕКС;AO;3,027;04.08.1994;ACTIVE;115035, г. Москва, ул. Садовническая, д. 82 стр. 2;1077711000091
780,000,008;BANK;ЯРИНТЕРБАНК;OOO;2,564;01.11.1993;ACTIVE;150000, г.Ярославль, ул.Собинова, д.30;1027600000075